task,n,k,threads,schedule,chunk,trial,time
A,100000,20,1,static,auto,1,0.066996
A,100000,20,1,static,auto,2,0.067838
A,100000,20,1,static,auto,3,0.067683
A,100000,20,1,static,auto,4,0.067446
A,100000,20,1,static,auto,5,0.065885
A,100000,20,1,dynamic,1,1,0.066700
A,100000,20,1,dynamic,1,2,0.066835
A,100000,20,1,dynamic,1,3,0.068241
A,100000,20,1,dynamic,1,4,0.068457
A,100000,20,1,dynamic,1,5,0.067033
A,100000,20,1,dynamic,4,1,0.066526
A,100000,20,1,dynamic,4,2,0.067723
A,100000,20,1,dynamic,4,3,0.068556
A,100000,20,1,dynamic,4,4,0.067757
A,100000,20,1,dynamic,4,5,0.066257
A,100000,20,1,dynamic,16,1,0.076716
A,100000,20,1,dynamic,16,2,0.066830
A,100000,20,1,dynamic,16,3,0.066518
A,100000,20,1,dynamic,16,4,0.066328
A,100000,20,1,dynamic,16,5,0.066177
A,100000,20,1,dynamic,64,1,0.066179
A,100000,20,1,dynamic,64,2,0.066124
A,100000,20,1,dynamic,64,3,0.066461
A,100000,20,1,dynamic,64,4,0.066847
A,100000,20,1,dynamic,64,5,0.068440
A,100000,20,1,guided,1,1,0.066458
A,100000,20,1,guided,1,2,0.068595
A,100000,20,1,guided,1,3,0.066238
A,100000,20,1,guided,1,4,0.067321
A,100000,20,1,guided,1,5,0.068117
A,100000,20,1,guided,4,1,0.068590
A,100000,20,1,guided,4,2,0.066031
A,100000,20,1,guided,4,3,0.067476
A,100000,20,1,guided,4,4,0.068901
A,100000,20,1,guided,4,5,0.067195
A,100000,20,1,guided,16,1,0.066508
A,100000,20,1,guided,16,2,0.066274
A,100000,20,1,guided,16,3,0.066342
A,100000,20,1,guided,16,4,0.066574
A,100000,20,1,guided,16,5,0.066484
A,100000,20,1,guided,64,1,0.067355
A,100000,20,1,guided,64,2,0.066392
A,100000,20,1,guided,64,3,0.068276
A,100000,20,1,guided,64,4,0.090459
A,100000,20,1,guided,64,5,0.066028
A,100000,20,2,static,auto,1,0.033429
A,100000,20,2,static,auto,2,0.034578
A,100000,20,2,static,auto,3,0.033917
A,100000,20,2,static,auto,4,0.040742
A,100000,20,2,static,auto,5,0.033467
A,100000,20,2,dynamic,1,1,0.033611
A,100000,20,2,dynamic,1,2,0.033216
A,100000,20,2,dynamic,1,3,0.033938
A,100000,20,2,dynamic,1,4,0.033257
A,100000,20,2,dynamic,1,5,0.033235
A,100000,20,2,dynamic,4,1,0.033333
A,100000,20,2,dynamic,4,2,0.033334
A,100000,20,2,dynamic,4,3,0.033015
A,100000,20,2,dynamic,4,4,0.032918
A,100000,20,2,dynamic,4,5,0.040174
A,100000,20,2,dynamic,16,1,0.034156
A,100000,20,2,dynamic,16,2,0.034866
A,100000,20,2,dynamic,16,3,0.033528
A,100000,20,2,dynamic,16,4,0.033800
A,100000,20,2,dynamic,16,5,0.033504
A,100000,20,2,dynamic,64,1,0.033360
A,100000,20,2,dynamic,64,2,0.033498
A,100000,20,2,dynamic,64,3,0.033066
A,100000,20,2,dynamic,64,4,0.033320
A,100000,20,2,dynamic,64,5,0.033295
A,100000,20,2,guided,1,1,0.033592
A,100000,20,2,guided,1,2,0.033200
A,100000,20,2,guided,1,3,0.033132
A,100000,20,2,guided,1,4,0.033739
A,100000,20,2,guided,1,5,0.037541
A,100000,20,2,guided,4,1,0.033366
A,100000,20,2,guided,4,2,0.033150
A,100000,20,2,guided,4,3,0.033556
A,100000,20,2,guided,4,4,0.033154
A,100000,20,2,guided,4,5,0.038056
A,100000,20,2,guided,16,1,0.033154
A,100000,20,2,guided,16,2,0.033382
A,100000,20,2,guided,16,3,0.033213
A,100000,20,2,guided,16,4,0.033091
A,100000,20,2,guided,16,5,0.033512
A,100000,20,2,guided,64,1,0.033257
A,100000,20,2,guided,64,2,0.033166
A,100000,20,2,guided,64,3,0.040631
A,100000,20,2,guided,64,4,0.034111
A,100000,20,2,guided,64,5,0.033625
A,100000,20,4,static,auto,1,0.030996
A,100000,20,4,static,auto,2,0.017292
A,100000,20,4,static,auto,3,0.017490
A,100000,20,4,static,auto,4,0.019935
A,100000,20,4,static,auto,5,0.019233
A,100000,20,4,dynamic,1,1,0.017809
A,100000,20,4,dynamic,1,2,0.024928
A,100000,20,4,dynamic,1,3,0.023508
A,100000,20,4,dynamic,1,4,0.017601
A,100000,20,4,dynamic,1,5,0.017488
A,100000,20,4,dynamic,4,1,0.021053
A,100000,20,4,dynamic,4,2,0.017072
A,100000,20,4,dynamic,4,3,0.016966
A,100000,20,4,dynamic,4,4,0.016888
A,100000,20,4,dynamic,4,5,0.016968
A,100000,20,4,dynamic,16,1,0.017042
A,100000,20,4,dynamic,16,2,0.016878
A,100000,20,4,dynamic,16,3,0.017096
A,100000,20,4,dynamic,16,4,0.017075
A,100000,20,4,dynamic,16,5,0.017113
A,100000,20,4,dynamic,64,1,0.016823
A,100000,20,4,dynamic,64,2,0.017210
A,100000,20,4,dynamic,64,3,0.020832
A,100000,20,4,dynamic,64,4,0.016734
A,100000,20,4,dynamic,64,5,0.017277
A,100000,20,4,guided,1,1,0.017257
A,100000,20,4,guided,1,2,0.027300
A,100000,20,4,guided,1,3,0.016866
A,100000,20,4,guided,1,4,0.017509
A,100000,20,4,guided,1,5,0.018486
A,100000,20,4,guided,4,1,0.019205
A,100000,20,4,guided,4,2,0.017346
A,100000,20,4,guided,4,3,0.017336
A,100000,20,4,guided,4,4,0.018774
A,100000,20,4,guided,4,5,0.018689
A,100000,20,4,guided,16,1,0.018854
A,100000,20,4,guided,16,2,0.017528
A,100000,20,4,guided,16,3,0.020339
A,100000,20,4,guided,16,4,0.017814
A,100000,20,4,guided,16,5,0.017543
A,100000,20,4,guided,64,1,0.017327
A,100000,20,4,guided,64,2,0.017298
A,100000,20,4,guided,64,3,0.017277
A,100000,20,4,guided,64,4,0.017236
A,100000,20,4,guided,64,5,0.023070
A,100000,20,8,static,auto,1,0.016039
A,100000,20,8,static,auto,2,0.016239
A,100000,20,8,static,auto,3,0.016279
A,100000,20,8,static,auto,4,0.015312
A,100000,20,8,static,auto,5,0.015116
A,100000,20,8,dynamic,1,1,0.013353
A,100000,20,8,dynamic,1,2,0.011964
A,100000,20,8,dynamic,1,3,0.012416
A,100000,20,8,dynamic,1,4,0.014369
A,100000,20,8,dynamic,1,5,0.014456
A,100000,20,8,dynamic,4,1,0.013323
A,100000,20,8,dynamic,4,2,0.012865
A,100000,20,8,dynamic,4,3,0.012227
A,100000,20,8,dynamic,4,4,0.012747
A,100000,20,8,dynamic,4,5,0.012156
A,100000,20,8,dynamic,16,1,0.011549
A,100000,20,8,dynamic,16,2,0.012202
A,100000,20,8,dynamic,16,3,0.012108
A,100000,20,8,dynamic,16,4,0.011976
A,100000,20,8,dynamic,16,5,0.013440
A,100000,20,8,dynamic,64,1,0.012265
A,100000,20,8,dynamic,64,2,0.011792
A,100000,20,8,dynamic,64,3,0.013325
A,100000,20,8,dynamic,64,4,0.012725
A,100000,20,8,dynamic,64,5,0.011713
A,100000,20,8,guided,1,1,0.012225
A,100000,20,8,guided,1,2,0.014403
A,100000,20,8,guided,1,3,0.015976
A,100000,20,8,guided,1,4,0.015260
A,100000,20,8,guided,1,5,0.014222
A,100000,20,8,guided,4,1,0.012145
A,100000,20,8,guided,4,2,0.011095
A,100000,20,8,guided,4,3,0.011442
A,100000,20,8,guided,4,4,0.016669
A,100000,20,8,guided,4,5,0.012307
A,100000,20,8,guided,16,1,0.009661
A,100000,20,8,guided,16,2,0.010207
A,100000,20,8,guided,16,3,0.012600
A,100000,20,8,guided,16,4,0.010629
A,100000,20,8,guided,16,5,0.012213
A,100000,20,8,guided,64,1,0.011047
A,100000,20,8,guided,64,2,0.015396
A,100000,20,8,guided,64,3,0.010406
A,100000,20,8,guided,64,4,0.012901
A,100000,20,8,guided,64,5,0.015377
A,100000,20,16,static,auto,1,0.020300
A,100000,20,16,static,auto,2,0.019653
A,100000,20,16,static,auto,3,0.020634
A,100000,20,16,static,auto,4,0.019171
A,100000,20,16,static,auto,5,0.021639
A,100000,20,16,dynamic,1,1,0.015125
A,100000,20,16,dynamic,1,2,0.016548
A,100000,20,16,dynamic,1,3,0.010124
A,100000,20,16,dynamic,1,4,0.015137
A,100000,20,16,dynamic,1,5,0.016768
A,100000,20,16,dynamic,4,1,0.015515
A,100000,20,16,dynamic,4,2,0.016771
A,100000,20,16,dynamic,4,3,0.016825
A,100000,20,16,dynamic,4,4,0.016598
A,100000,20,16,dynamic,4,5,0.016905
A,100000,20,16,dynamic,16,1,0.015427
A,100000,20,16,dynamic,16,2,0.016793
A,100000,20,16,dynamic,16,3,0.016870
A,100000,20,16,dynamic,16,4,0.009666
A,100000,20,16,dynamic,16,5,0.015594
A,100000,20,16,dynamic,64,1,0.015631
A,100000,20,16,dynamic,64,2,0.016252
A,100000,20,16,dynamic,64,3,0.010516
A,100000,20,16,dynamic,64,4,0.021789
A,100000,20,16,dynamic,64,5,0.016419
A,100000,20,16,guided,1,1,0.015547
A,100000,20,16,guided,1,2,0.016905
A,100000,20,16,guided,1,3,0.016523
A,100000,20,16,guided,1,4,0.016705
A,100000,20,16,guided,1,5,0.016384
A,100000,20,16,guided,4,1,0.015366
A,100000,20,16,guided,4,2,0.016464
A,100000,20,16,guided,4,3,0.016470
A,100000,20,16,guided,4,4,0.016803
A,100000,20,16,guided,4,5,0.016375
A,100000,20,16,guided,16,1,0.013254
A,100000,20,16,guided,16,2,0.014871
A,100000,20,16,guided,16,3,0.016689
A,100000,20,16,guided,16,4,0.016319
A,100000,20,16,guided,16,5,0.014810
A,100000,20,16,guided,64,1,0.016931
A,100000,20,16,guided,64,2,0.019920
A,100000,20,16,guided,64,3,0.013724
A,100000,20,16,guided,64,4,0.016671
A,100000,20,16,guided,64,5,0.016833
A,100000,24,1,static,auto,1,0.397948
A,100000,24,1,static,auto,2,0.400536
A,100000,24,1,static,auto,3,0.397049
A,100000,24,1,static,auto,4,0.407131
A,100000,24,1,static,auto,5,0.416116
A,100000,24,1,dynamic,1,1,0.398500
A,100000,24,1,dynamic,1,2,0.399491
A,100000,24,1,dynamic,1,3,0.398504
A,100000,24,1,dynamic,1,4,0.398948
A,100000,24,1,dynamic,1,5,0.397913
A,100000,24,1,dynamic,4,1,0.394485
A,100000,24,1,dynamic,4,2,0.395783
A,100000,24,1,dynamic,4,3,0.399713
A,100000,24,1,dynamic,4,4,0.399571
A,100000,24,1,dynamic,4,5,0.396543
A,100000,24,1,dynamic,16,1,0.400725
A,100000,24,1,dynamic,16,2,0.394640
A,100000,24,1,dynamic,16,3,0.397302
A,100000,24,1,dynamic,16,4,0.396766
A,100000,24,1,dynamic,16,5,0.396783
A,100000,24,1,dynamic,64,1,0.394943
A,100000,24,1,dynamic,64,2,0.396433
A,100000,24,1,dynamic,64,3,0.396394
A,100000,24,1,dynamic,64,4,0.399004
A,100000,24,1,dynamic,64,5,0.397227
A,100000,24,1,guided,1,1,0.396809
A,100000,24,1,guided,1,2,0.395732
A,100000,24,1,guided,1,3,0.397601
A,100000,24,1,guided,1,4,0.396310
A,100000,24,1,guided,1,5,0.395155
A,100000,24,1,guided,4,1,0.397131
A,100000,24,1,guided,4,2,0.398303
A,100000,24,1,guided,4,3,0.399089
A,100000,24,1,guided,4,4,0.367206
A,100000,24,1,guided,4,5,0.365208
A,100000,24,1,guided,16,1,0.365808
A,100000,24,1,guided,16,2,0.367025
A,100000,24,1,guided,16,3,0.362974
A,100000,24,1,guided,16,4,0.365176
A,100000,24,1,guided,16,5,0.365262
A,100000,24,1,guided,64,1,0.365227
A,100000,24,1,guided,64,2,0.363670
A,100000,24,1,guided,64,3,0.366895
A,100000,24,1,guided,64,4,0.374924
A,100000,24,1,guided,64,5,0.364332
A,100000,24,2,static,auto,1,0.185624
A,100000,24,2,static,auto,2,0.189688
A,100000,24,2,static,auto,3,0.212001
A,100000,24,2,static,auto,4,0.189870
A,100000,24,2,static,auto,5,0.188186
A,100000,24,2,dynamic,1,1,0.183781
A,100000,24,2,dynamic,1,2,0.186836
A,100000,24,2,dynamic,1,3,0.182433
A,100000,24,2,dynamic,1,4,0.183001
A,100000,24,2,dynamic,1,5,0.183733
A,100000,24,2,dynamic,4,1,0.192691
A,100000,24,2,dynamic,4,2,0.255364
A,100000,24,2,dynamic,4,3,0.185845
A,100000,24,2,dynamic,4,4,0.183423
A,100000,24,2,dynamic,4,5,0.184459
A,100000,24,2,dynamic,16,1,0.185802
A,100000,24,2,dynamic,16,2,0.187863
A,100000,24,2,dynamic,16,3,0.183831
A,100000,24,2,dynamic,16,4,0.185584
A,100000,24,2,dynamic,16,5,0.182805
A,100000,24,2,dynamic,64,1,0.183302
A,100000,24,2,dynamic,64,2,0.184785
A,100000,24,2,dynamic,64,3,0.184511
A,100000,24,2,dynamic,64,4,0.207101
A,100000,24,2,dynamic,64,5,0.183712
A,100000,24,2,guided,1,1,0.189664
A,100000,24,2,guided,1,2,0.189879
A,100000,24,2,guided,1,3,0.200329
A,100000,24,2,guided,1,4,0.183291
A,100000,24,2,guided,1,5,0.188419
A,100000,24,2,guided,4,1,0.184885
A,100000,24,2,guided,4,2,0.185670
A,100000,24,2,guided,4,3,0.186096
A,100000,24,2,guided,4,4,0.271505
A,100000,24,2,guided,4,5,0.183669
A,100000,24,2,guided,16,1,0.201052
A,100000,24,2,guided,16,2,0.210685
A,100000,24,2,guided,16,3,0.198203
A,100000,24,2,guided,16,4,0.201784
A,100000,24,2,guided,16,5,0.209862
A,100000,24,2,guided,64,1,0.184738
A,100000,24,2,guided,64,2,0.182860
A,100000,24,2,guided,64,3,0.188553
A,100000,24,2,guided,64,4,0.182757
A,100000,24,2,guided,64,5,0.183706
A,100000,24,4,static,auto,1,0.127841
A,100000,24,4,static,auto,2,0.093595
A,100000,24,4,static,auto,3,0.096190
A,100000,24,4,static,auto,4,0.103031
A,100000,24,4,static,auto,5,0.097007
A,100000,24,4,dynamic,1,1,0.099514
A,100000,24,4,dynamic,1,2,0.094305
A,100000,24,4,dynamic,1,3,0.096993
A,100000,24,4,dynamic,1,4,0.113349
A,100000,24,4,dynamic,1,5,0.093929
A,100000,24,4,dynamic,4,1,0.098693
A,100000,24,4,dynamic,4,2,0.092281
A,100000,24,4,dynamic,4,3,0.092337
A,100000,24,4,dynamic,4,4,0.095191
A,100000,24,4,dynamic,4,5,0.093163
A,100000,24,4,dynamic,16,1,0.095465
A,100000,24,4,dynamic,16,2,0.092558
A,100000,24,4,dynamic,16,3,0.093521
A,100000,24,4,dynamic,16,4,0.092977
A,100000,24,4,dynamic,16,5,0.102801
A,100000,24,4,dynamic,64,1,0.112280
A,100000,24,4,dynamic,64,2,0.093564
A,100000,24,4,dynamic,64,3,0.092972
A,100000,24,4,dynamic,64,4,0.093149
A,100000,24,4,dynamic,64,5,0.093574
A,100000,24,4,guided,1,1,0.109682
A,100000,24,4,guided,1,2,0.094817
A,100000,24,4,guided,1,3,0.116308
A,100000,24,4,guided,1,4,0.105628
A,100000,24,4,guided,1,5,0.093918
A,100000,24,4,guided,4,1,0.092265
A,100000,24,4,guided,4,2,0.092435
A,100000,24,4,guided,4,3,0.096240
A,100000,24,4,guided,4,4,0.100424
A,100000,24,4,guided,4,5,0.107198
A,100000,24,4,guided,16,1,0.092782
A,100000,24,4,guided,16,2,0.092939
A,100000,24,4,guided,16,3,0.095646
A,100000,24,4,guided,16,4,0.102370
A,100000,24,4,guided,16,5,0.095634
A,100000,24,4,guided,64,1,0.093464
A,100000,24,4,guided,64,2,0.093124
A,100000,24,4,guided,64,3,0.093224
A,100000,24,4,guided,64,4,0.094676
A,100000,24,4,guided,64,5,0.108867
A,100000,24,8,static,auto,1,0.075392
A,100000,24,8,static,auto,2,0.086063
A,100000,24,8,static,auto,3,0.069210
A,100000,24,8,static,auto,4,0.077184
A,100000,24,8,static,auto,5,0.069159
A,100000,24,8,dynamic,1,1,0.060396
A,100000,24,8,dynamic,1,2,0.056211
A,100000,24,8,dynamic,1,3,0.058073
A,100000,24,8,dynamic,1,4,0.060992
A,100000,24,8,dynamic,1,5,0.054036
A,100000,24,8,dynamic,4,1,0.060139
A,100000,24,8,dynamic,4,2,0.058028
A,100000,24,8,dynamic,4,3,0.062259
A,100000,24,8,dynamic,4,4,0.057312
A,100000,24,8,dynamic,4,5,0.061827
A,100000,24,8,dynamic,16,1,0.057609
A,100000,24,8,dynamic,16,2,0.056444
A,100000,24,8,dynamic,16,3,0.058959
A,100000,24,8,dynamic,16,4,0.055908
A,100000,24,8,dynamic,16,5,0.056416
A,100000,24,8,dynamic,64,1,0.073481
A,100000,24,8,dynamic,64,2,0.060890
A,100000,24,8,dynamic,64,3,0.061073
A,100000,24,8,dynamic,64,4,0.060064
A,100000,24,8,dynamic,64,5,0.062061
A,100000,24,8,guided,1,1,0.065624
A,100000,24,8,guided,1,2,0.060067
A,100000,24,8,guided,1,3,0.067517
A,100000,24,8,guided,1,4,0.054460
A,100000,24,8,guided,1,5,0.061188
A,100000,24,8,guided,4,1,0.074411
A,100000,24,8,guided,4,2,0.056036
A,100000,24,8,guided,4,3,0.059955
A,100000,24,8,guided,4,4,0.059102
A,100000,24,8,guided,4,5,0.054059
A,100000,24,8,guided,16,1,0.057186
A,100000,24,8,guided,16,2,0.055030
A,100000,24,8,guided,16,3,0.076318
A,100000,24,8,guided,16,4,0.067258
A,100000,24,8,guided,16,5,0.070211
A,100000,24,8,guided,64,1,0.057108
A,100000,24,8,guided,64,2,0.070860
A,100000,24,8,guided,64,3,0.056100
A,100000,24,8,guided,64,4,0.058575
A,100000,24,8,guided,64,5,0.057331
A,100000,24,16,static,auto,1,0.058955
A,100000,24,16,static,auto,2,0.065276
A,100000,24,16,static,auto,3,0.062804
A,100000,24,16,static,auto,4,0.063084
A,100000,24,16,static,auto,5,0.048981
A,100000,24,16,dynamic,1,1,0.049990
A,100000,24,16,dynamic,1,2,0.053126
A,100000,24,16,dynamic,1,3,0.054477
A,100000,24,16,dynamic,1,4,0.049634
A,100000,24,16,dynamic,1,5,0.066300
A,100000,24,16,dynamic,4,1,0.050347
A,100000,24,16,dynamic,4,2,0.054213
A,100000,24,16,dynamic,4,3,0.049517
A,100000,24,16,dynamic,4,4,0.054888
A,100000,24,16,dynamic,4,5,0.050142
A,100000,24,16,dynamic,16,1,0.053531
A,100000,24,16,dynamic,16,2,0.055579
A,100000,24,16,dynamic,16,3,0.053662
A,100000,24,16,dynamic,16,4,0.051218
A,100000,24,16,dynamic,16,5,0.058130
A,100000,24,16,dynamic,64,1,0.056208
A,100000,24,16,dynamic,64,2,0.058993
A,100000,24,16,dynamic,64,3,0.054873
A,100000,24,16,dynamic,64,4,0.058572
A,100000,24,16,dynamic,64,5,0.052206
A,100000,24,16,guided,1,1,0.061965
A,100000,24,16,guided,1,2,0.077114
A,100000,24,16,guided,1,3,0.063893
A,100000,24,16,guided,1,4,0.056793
A,100000,24,16,guided,1,5,0.064659
A,100000,24,16,guided,4,1,0.063695
A,100000,24,16,guided,4,2,0.058878
A,100000,24,16,guided,4,3,0.070464
A,100000,24,16,guided,4,4,0.066055
A,100000,24,16,guided,4,5,0.083474
A,100000,24,16,guided,16,1,0.073096
A,100000,24,16,guided,16,2,0.063653
A,100000,24,16,guided,16,3,0.060802
A,100000,24,16,guided,16,4,0.056681
A,100000,24,16,guided,16,5,0.073262
A,100000,24,16,guided,64,1,0.059940
A,100000,24,16,guided,64,2,0.059768
A,100000,24,16,guided,64,3,0.058801
A,100000,24,16,guided,64,4,0.064921
A,100000,24,16,guided,64,5,0.065482
A,100000,28,1,static,auto,1,2.355183
A,100000,28,1,static,auto,2,2.350753
A,100000,28,1,static,auto,3,2.371296
A,100000,28,1,static,auto,4,2.518182
A,100000,28,1,static,auto,5,2.617223
A,100000,28,1,dynamic,1,1,2.588275
A,100000,28,1,dynamic,1,2,2.525184
A,100000,28,1,dynamic,1,3,2.471356
A,100000,28,1,dynamic,1,4,2.393882
A,100000,28,1,dynamic,1,5,2.366956
A,100000,28,1,dynamic,4,1,2.182909
A,100000,28,1,dynamic,4,2,2.176272
A,100000,28,1,dynamic,4,3,2.176349
A,100000,28,1,dynamic,4,4,2.196961
A,100000,28,1,dynamic,4,5,2.180210
A,100000,28,1,dynamic,16,1,2.187524
A,100000,28,1,dynamic,16,2,2.189714
A,100000,28,1,dynamic,16,3,2.275168
A,100000,28,1,dynamic,16,4,2.301711
A,100000,28,1,dynamic,16,5,2.294814
A,100000,28,1,dynamic,64,1,2.322468
A,100000,28,1,dynamic,64,2,2.364688
A,100000,28,1,dynamic,64,3,2.362744
A,100000,28,1,dynamic,64,4,2.361735
A,100000,28,1,dynamic,64,5,2.199418
A,100000,28,1,guided,1,1,2.181794
A,100000,28,1,guided,1,2,2.174919
A,100000,28,1,guided,1,3,2.194305
A,100000,28,1,guided,1,4,2.243620
A,100000,28,1,guided,1,5,2.172704
A,100000,28,1,guided,4,1,2.189571
A,100000,28,1,guided,4,2,2.268069
A,100000,28,1,guided,4,3,2.334004
A,100000,28,1,guided,4,4,2.350638
A,100000,28,1,guided,4,5,2.353537
A,100000,28,1,guided,16,1,2.366639
A,100000,28,1,guided,16,2,2.344801
A,100000,28,1,guided,16,3,2.351574
A,100000,28,1,guided,16,4,2.240607
A,100000,28,1,guided,16,5,2.173829
A,100000,28,1,guided,64,1,2.188321
A,100000,28,1,guided,64,2,2.217336
A,100000,28,1,guided,64,3,2.216867
A,100000,28,1,guided,64,4,2.251110
A,100000,28,1,guided,64,5,2.208505
A,100000,28,2,static,auto,1,1.150751
A,100000,28,2,static,auto,2,1.191801
A,100000,28,2,static,auto,3,1.256494
A,100000,28,2,static,auto,4,1.271075
A,100000,28,2,static,auto,5,1.215165
A,100000,28,2,dynamic,1,1,1.187413
A,100000,28,2,dynamic,1,2,1.182108
A,100000,28,2,dynamic,1,3,1.282677
A,100000,28,2,dynamic,1,4,1.193658
A,100000,28,2,dynamic,1,5,1.230843
A,100000,28,2,dynamic,4,1,1.231047
A,100000,28,2,dynamic,4,2,1.249361
A,100000,28,2,dynamic,4,3,1.228280
A,100000,28,2,dynamic,4,4,1.209789
A,100000,28,2,dynamic,4,5,1.170696
A,100000,28,2,dynamic,16,1,1.211697
A,100000,28,2,dynamic,16,2,1.120277
A,100000,28,2,dynamic,16,3,1.290024
A,100000,28,2,dynamic,16,4,1.178830
A,100000,28,2,dynamic,16,5,1.106890
A,100000,28,2,dynamic,64,1,1.269794
A,100000,28,2,dynamic,64,2,1.232467
A,100000,28,2,dynamic,64,3,1.118859
A,100000,28,2,dynamic,64,4,1.121429
A,100000,28,2,dynamic,64,5,1.121233
A,100000,28,2,guided,1,1,1.169974
A,100000,28,2,guided,1,2,1.131683
A,100000,28,2,guided,1,3,1.410550
A,100000,28,2,guided,1,4,1.215555
A,100000,28,2,guided,1,5,1.165386
A,100000,28,2,guided,4,1,1.172179
A,100000,28,2,guided,4,2,1.409444
A,100000,28,2,guided,4,3,1.451481
A,100000,28,2,guided,4,4,1.371439
A,100000,28,2,guided,4,5,1.160745
A,100000,28,2,guided,16,1,1.486672
A,100000,28,2,guided,16,2,1.185210
A,100000,28,2,guided,16,3,1.244695
A,100000,28,2,guided,16,4,1.222406
A,100000,28,2,guided,16,5,1.220690
A,100000,28,2,guided,64,1,1.248203
A,100000,28,2,guided,64,2,1.244543
A,100000,28,2,guided,64,3,1.364658
A,100000,28,2,guided,64,4,1.515794
A,100000,28,2,guided,64,5,1.396012
A,100000,28,4,static,auto,1,0.634458
A,100000,28,4,static,auto,2,0.729326
A,100000,28,4,static,auto,3,0.735302
A,100000,28,4,static,auto,4,0.756391
A,100000,28,4,static,auto,5,0.675447
A,100000,28,4,dynamic,1,1,0.696487
A,100000,28,4,dynamic,1,2,0.742490
A,100000,28,4,dynamic,1,3,0.688732
A,100000,28,4,dynamic,1,4,0.707925
A,100000,28,4,dynamic,1,5,0.732755
A,100000,28,4,dynamic,4,1,0.708651
A,100000,28,4,dynamic,4,2,0.732474
A,100000,28,4,dynamic,4,3,0.703149
A,100000,28,4,dynamic,4,4,0.559431
A,100000,28,4,dynamic,4,5,0.583459
A,100000,28,4,dynamic,16,1,0.621714
A,100000,28,4,dynamic,16,2,0.638131
A,100000,28,4,dynamic,16,3,0.594069
A,100000,28,4,dynamic,16,4,0.657200
A,100000,28,4,dynamic,16,5,0.611630
A,100000,28,4,dynamic,64,1,0.614548
A,100000,28,4,dynamic,64,2,0.643291
A,100000,28,4,dynamic,64,3,0.554292
A,100000,28,4,dynamic,64,4,0.573051
A,100000,28,4,dynamic,64,5,0.635554
A,100000,28,4,guided,1,1,0.563978
A,100000,28,4,guided,1,2,0.606798
A,100000,28,4,guided,1,3,0.607427
A,100000,28,4,guided,1,4,0.599295
A,100000,28,4,guided,1,5,0.711710
A,100000,28,4,guided,4,1,0.679182
A,100000,28,4,guided,4,2,0.594075
A,100000,28,4,guided,4,3,0.551788
A,100000,28,4,guided,4,4,0.634318
A,100000,28,4,guided,4,5,0.595333
A,100000,28,4,guided,16,1,0.586073
A,100000,28,4,guided,16,2,0.592690
A,100000,28,4,guided,16,3,0.607440
A,100000,28,4,guided,16,4,0.631020
A,100000,28,4,guided,16,5,0.636092
A,100000,28,4,guided,64,1,0.559200
A,100000,28,4,guided,64,2,0.590726
A,100000,28,4,guided,64,3,0.642907
A,100000,28,4,guided,64,4,0.731049
A,100000,28,4,guided,64,5,0.592772
A,100000,28,8,static,auto,1,0.379795
A,100000,28,8,static,auto,2,0.418588
A,100000,28,8,static,auto,3,0.393596
A,100000,28,8,static,auto,4,0.380072
A,100000,28,8,static,auto,5,0.379908
A,100000,28,8,dynamic,1,1,0.353251
A,100000,28,8,dynamic,1,2,0.338192
A,100000,28,8,dynamic,1,3,0.355827
A,100000,28,8,dynamic,1,4,0.352514
A,100000,28,8,dynamic,1,5,0.355657
A,100000,28,8,dynamic,4,1,0.390635
A,100000,28,8,dynamic,4,2,0.379125
A,100000,28,8,dynamic,4,3,0.386842
A,100000,28,8,dynamic,4,4,0.389373
A,100000,28,8,dynamic,4,5,0.379369
A,100000,28,8,dynamic,16,1,0.391108
A,100000,28,8,dynamic,16,2,0.382649
A,100000,28,8,dynamic,16,3,0.356280
A,100000,28,8,dynamic,16,4,0.366018
A,100000,28,8,dynamic,16,5,0.384551
A,100000,28,8,dynamic,64,1,0.362548
A,100000,28,8,dynamic,64,2,0.366416
A,100000,28,8,dynamic,64,3,0.384660
A,100000,28,8,dynamic,64,4,0.359492
A,100000,28,8,dynamic,64,5,0.389207
A,100000,28,8,guided,1,1,0.382592
A,100000,28,8,guided,1,2,0.389600
A,100000,28,8,guided,1,3,0.415703
A,100000,28,8,guided,1,4,0.373620
A,100000,28,8,guided,1,5,0.419767
A,100000,28,8,guided,4,1,0.385874
A,100000,28,8,guided,4,2,0.371166
A,100000,28,8,guided,4,3,0.344557
A,100000,28,8,guided,4,4,0.351523
A,100000,28,8,guided,4,5,0.340567
A,100000,28,8,guided,16,1,0.376305
A,100000,28,8,guided,16,2,0.403172
A,100000,28,8,guided,16,3,0.407660
A,100000,28,8,guided,16,4,0.420301
A,100000,28,8,guided,16,5,0.397815
A,100000,28,8,guided,64,1,0.419377
A,100000,28,8,guided,64,2,0.403128
A,100000,28,8,guided,64,3,0.382044
A,100000,28,8,guided,64,4,0.396372
A,100000,28,8,guided,64,5,0.366526
A,100000,28,16,static,auto,1,0.346898
A,100000,28,16,static,auto,2,0.325821
A,100000,28,16,static,auto,3,0.330930
A,100000,28,16,static,auto,4,0.335754
A,100000,28,16,static,auto,5,0.340715
A,100000,28,16,dynamic,1,1,0.335651
A,100000,28,16,dynamic,1,2,0.326878
A,100000,28,16,dynamic,1,3,0.301272
A,100000,28,16,dynamic,1,4,0.309016
A,100000,28,16,dynamic,1,5,0.293343
A,100000,28,16,dynamic,4,1,0.291174
A,100000,28,16,dynamic,4,2,0.298965
A,100000,28,16,dynamic,4,3,0.294569
A,100000,28,16,dynamic,4,4,0.297634
A,100000,28,16,dynamic,4,5,0.301415
A,100000,28,16,dynamic,16,1,0.299295
A,100000,28,16,dynamic,16,2,0.291162
A,100000,28,16,dynamic,16,3,0.296741
A,100000,28,16,dynamic,16,4,0.295660
A,100000,28,16,dynamic,16,5,0.304083
A,100000,28,16,dynamic,64,1,0.298404
A,100000,28,16,dynamic,64,2,0.297235
A,100000,28,16,dynamic,64,3,0.299764
A,100000,28,16,dynamic,64,4,0.288901
A,100000,28,16,dynamic,64,5,0.302383
A,100000,28,16,guided,1,1,0.298405
A,100000,28,16,guided,1,2,0.331146
A,100000,28,16,guided,1,3,0.329440
A,100000,28,16,guided,1,4,0.313552
A,100000,28,16,guided,1,5,0.305500
A,100000,28,16,guided,4,1,0.293361
A,100000,28,16,guided,4,2,0.291943
A,100000,28,16,guided,4,3,0.301767
A,100000,28,16,guided,4,4,0.309257
A,100000,28,16,guided,4,5,0.319565
A,100000,28,16,guided,16,1,0.316624
A,100000,28,16,guided,16,2,0.311471
A,100000,28,16,guided,16,3,0.300557
A,100000,28,16,guided,16,4,0.304819
A,100000,28,16,guided,16,5,0.316574
A,100000,28,16,guided,64,1,0.305830
A,100000,28,16,guided,64,2,0.314282
A,100000,28,16,guided,64,3,0.329195
A,100000,28,16,guided,64,4,0.316992
A,100000,28,16,guided,64,5,0.303938
A,500000,20,1,static,auto,1,0.316000
A,500000,20,1,static,auto,2,0.316253
A,500000,20,1,static,auto,3,0.313962
A,500000,20,1,static,auto,4,0.312653
A,500000,20,1,static,auto,5,0.313984
A,500000,20,1,dynamic,1,1,0.318963
A,500000,20,1,dynamic,1,2,0.315139
A,500000,20,1,dynamic,1,3,0.317660
A,500000,20,1,dynamic,1,4,0.318090
A,500000,20,1,dynamic,1,5,0.315092
A,500000,20,1,dynamic,4,1,0.317021
A,500000,20,1,dynamic,4,2,0.332888
A,500000,20,1,dynamic,4,3,0.330059
A,500000,20,1,dynamic,4,4,0.329262
A,500000,20,1,dynamic,4,5,0.334324
A,500000,20,1,dynamic,16,1,0.328516
A,500000,20,1,dynamic,16,2,0.327441
A,500000,20,1,dynamic,16,3,0.323951
A,500000,20,1,dynamic,16,4,0.327101
A,500000,20,1,dynamic,16,5,0.326588
A,500000,20,1,dynamic,64,1,0.326785
A,500000,20,1,dynamic,64,2,0.324724
A,500000,20,1,dynamic,64,3,0.327185
A,500000,20,1,dynamic,64,4,0.326540
A,500000,20,1,dynamic,64,5,0.325015
A,500000,20,1,guided,1,1,0.325621
A,500000,20,1,guided,1,2,0.323952
A,500000,20,1,guided,1,3,0.324408
A,500000,20,1,guided,1,4,0.327026
A,500000,20,1,guided,1,5,0.323331
A,500000,20,1,guided,4,1,0.324869
A,500000,20,1,guided,4,2,0.325677
A,500000,20,1,guided,4,3,0.324402
A,500000,20,1,guided,4,4,0.327210
A,500000,20,1,guided,4,5,0.323501
A,500000,20,1,guided,16,1,0.327800
A,500000,20,1,guided,16,2,0.325801
A,500000,20,1,guided,16,3,0.325296
A,500000,20,1,guided,16,4,0.323664
A,500000,20,1,guided,16,5,0.307209
A,500000,20,1,guided,64,1,0.304243
A,500000,20,1,guided,64,2,0.307418
A,500000,20,1,guided,64,3,0.302317
A,500000,20,1,guided,64,4,0.302718
A,500000,20,1,guided,64,5,0.305120
A,500000,20,2,static,auto,1,0.158495
A,500000,20,2,static,auto,2,0.168319
A,500000,20,2,static,auto,3,0.155179
A,500000,20,2,static,auto,4,0.154865
A,500000,20,2,static,auto,5,0.159822
A,500000,20,2,dynamic,1,1,0.154790
A,500000,20,2,dynamic,1,2,0.154733
A,500000,20,2,dynamic,1,3,0.156995
A,500000,20,2,dynamic,1,4,0.153526
A,500000,20,2,dynamic,1,5,0.152940
A,500000,20,2,dynamic,4,1,0.152829
A,500000,20,2,dynamic,4,2,0.167276
A,500000,20,2,dynamic,4,3,0.154440
A,500000,20,2,dynamic,4,4,0.154348
A,500000,20,2,dynamic,4,5,0.154835
A,500000,20,2,dynamic,16,1,0.154164
A,500000,20,2,dynamic,16,2,0.154200
A,500000,20,2,dynamic,16,3,0.156371
A,500000,20,2,dynamic,16,4,0.154089
A,500000,20,2,dynamic,16,5,0.154663
A,500000,20,2,dynamic,64,1,0.153464
A,500000,20,2,dynamic,64,2,0.154768
A,500000,20,2,dynamic,64,3,0.156645
A,500000,20,2,dynamic,64,4,0.153706
A,500000,20,2,dynamic,64,5,0.154416
A,500000,20,2,guided,1,1,0.153165
A,500000,20,2,guided,1,2,0.157688
A,500000,20,2,guided,1,3,0.159514
A,500000,20,2,guided,1,4,0.152675
A,500000,20,2,guided,1,5,0.162987
A,500000,20,2,guided,4,1,0.152530
A,500000,20,2,guided,4,2,0.152192
A,500000,20,2,guided,4,3,0.153538
A,500000,20,2,guided,4,4,0.157882
A,500000,20,2,guided,4,5,0.153856
A,500000,20,2,guided,16,1,0.261458
A,500000,20,2,guided,16,2,0.153993
A,500000,20,2,guided,16,3,0.154511
A,500000,20,2,guided,16,4,0.154514
A,500000,20,2,guided,16,5,0.152994
A,500000,20,2,guided,64,1,0.189327
A,500000,20,2,guided,64,2,0.152797
A,500000,20,2,guided,64,3,0.155795
A,500000,20,2,guided,64,4,0.152845
A,500000,20,2,guided,64,5,0.153612
A,500000,20,4,static,auto,1,0.077520
A,500000,20,4,static,auto,2,0.079104
A,500000,20,4,static,auto,3,0.079829
A,500000,20,4,static,auto,4,0.086771
A,500000,20,4,static,auto,5,0.119025
A,500000,20,4,dynamic,1,1,0.080357
A,500000,20,4,dynamic,1,2,0.080279
A,500000,20,4,dynamic,1,3,0.087623
A,500000,20,4,dynamic,1,4,0.080183
A,500000,20,4,dynamic,1,5,0.082222
A,500000,20,4,dynamic,4,1,0.078540
A,500000,20,4,dynamic,4,2,0.076953
A,500000,20,4,dynamic,4,3,0.077149
A,500000,20,4,dynamic,4,4,0.077665
A,500000,20,4,dynamic,4,5,0.080662
A,500000,20,4,dynamic,16,1,0.085332
A,500000,20,4,dynamic,16,2,0.082074
A,500000,20,4,dynamic,16,3,0.077565
A,500000,20,4,dynamic,16,4,0.082281
A,500000,20,4,dynamic,16,5,0.097214
A,500000,20,4,dynamic,64,1,0.087265
A,500000,20,4,dynamic,64,2,0.076534
A,500000,20,4,dynamic,64,3,0.078865
A,500000,20,4,dynamic,64,4,0.076761
A,500000,20,4,dynamic,64,5,0.077612
A,500000,20,4,guided,1,1,0.078156
A,500000,20,4,guided,1,2,0.077857
A,500000,20,4,guided,1,3,0.081380
A,500000,20,4,guided,1,4,0.084494
A,500000,20,4,guided,1,5,0.092693
A,500000,20,4,guided,4,1,0.082447
A,500000,20,4,guided,4,2,0.080392
A,500000,20,4,guided,4,3,0.097989
A,500000,20,4,guided,4,4,0.077456
A,500000,20,4,guided,4,5,0.076859
A,500000,20,4,guided,16,1,0.078606
A,500000,20,4,guided,16,2,0.079266
A,500000,20,4,guided,16,3,0.082412
A,500000,20,4,guided,16,4,0.078892
A,500000,20,4,guided,16,5,0.077592
A,500000,20,4,guided,64,1,0.076845
A,500000,20,4,guided,64,2,0.078581
A,500000,20,4,guided,64,3,0.077421
A,500000,20,4,guided,64,4,0.081517
A,500000,20,4,guided,64,5,0.078391
A,500000,20,8,static,auto,1,0.053018
A,500000,20,8,static,auto,2,0.069709
A,500000,20,8,static,auto,3,0.070532
A,500000,20,8,static,auto,4,0.057698
A,500000,20,8,static,auto,5,0.055792
A,500000,20,8,dynamic,1,1,0.044221
A,500000,20,8,dynamic,1,2,0.049374
A,500000,20,8,dynamic,1,3,0.046597
A,500000,20,8,dynamic,1,4,0.048570
A,500000,20,8,dynamic,1,5,0.047100
A,500000,20,8,dynamic,4,1,0.051216
A,500000,20,8,dynamic,4,2,0.049473
A,500000,20,8,dynamic,4,3,0.046773
A,500000,20,8,dynamic,4,4,0.046755
A,500000,20,8,dynamic,4,5,0.047197
A,500000,20,8,dynamic,16,1,0.047007
A,500000,20,8,dynamic,16,2,0.054927
A,500000,20,8,dynamic,16,3,0.048522
A,500000,20,8,dynamic,16,4,0.050179
A,500000,20,8,dynamic,16,5,0.048935
A,500000,20,8,dynamic,64,1,0.046572
A,500000,20,8,dynamic,64,2,0.045520
A,500000,20,8,dynamic,64,3,0.049238
A,500000,20,8,dynamic,64,4,0.048113
A,500000,20,8,dynamic,64,5,0.046617
A,500000,20,8,guided,1,1,0.047182
A,500000,20,8,guided,1,2,0.045308
A,500000,20,8,guided,1,3,0.061312
A,500000,20,8,guided,1,4,0.054601
A,500000,20,8,guided,1,5,0.045467
A,500000,20,8,guided,4,1,0.061026
A,500000,20,8,guided,4,2,0.043417
A,500000,20,8,guided,4,3,0.046766
A,500000,20,8,guided,4,4,0.046529
A,500000,20,8,guided,4,5,0.052364
A,500000,20,8,guided,16,1,0.047162
A,500000,20,8,guided,16,2,0.051902
A,500000,20,8,guided,16,3,0.049665
A,500000,20,8,guided,16,4,0.062062
A,500000,20,8,guided,16,5,0.046049
A,500000,20,8,guided,64,1,0.051647
A,500000,20,8,guided,64,2,0.047265
A,500000,20,8,guided,64,3,0.057328
A,500000,20,8,guided,64,4,0.041438
A,500000,20,8,guided,64,5,0.049255
A,500000,20,16,static,auto,1,0.055465
A,500000,20,16,static,auto,2,0.058661
A,500000,20,16,static,auto,3,0.062340
A,500000,20,16,static,auto,4,0.053988
A,500000,20,16,static,auto,5,0.058893
A,500000,20,16,dynamic,1,1,0.048273
A,500000,20,16,dynamic,1,2,0.049053
A,500000,20,16,dynamic,1,3,0.046494
A,500000,20,16,dynamic,1,4,0.053066
A,500000,20,16,dynamic,1,5,0.047420
A,500000,20,16,dynamic,4,1,0.052314
A,500000,20,16,dynamic,4,2,0.056957
A,500000,20,16,dynamic,4,3,0.046327
A,500000,20,16,dynamic,4,4,0.049647
A,500000,20,16,dynamic,4,5,0.047434
A,500000,20,16,dynamic,16,1,0.046322
A,500000,20,16,dynamic,16,2,0.043434
A,500000,20,16,dynamic,16,3,0.047447
A,500000,20,16,dynamic,16,4,0.050967
A,500000,20,16,dynamic,16,5,0.048533
A,500000,20,16,dynamic,64,1,0.052650
A,500000,20,16,dynamic,64,2,0.050335
A,500000,20,16,dynamic,64,3,0.046145
A,500000,20,16,dynamic,64,4,0.047638
A,500000,20,16,dynamic,64,5,0.047863
A,500000,20,16,guided,1,1,0.047044
A,500000,20,16,guided,1,2,0.049343
A,500000,20,16,guided,1,3,0.060090
A,500000,20,16,guided,1,4,0.044481
A,500000,20,16,guided,1,5,0.047453
A,500000,20,16,guided,4,1,0.057013
A,500000,20,16,guided,4,2,0.059459
A,500000,20,16,guided,4,3,0.053674
A,500000,20,16,guided,4,4,0.052325
A,500000,20,16,guided,4,5,0.047902
A,500000,20,16,guided,16,1,0.056344
A,500000,20,16,guided,16,2,0.060312
A,500000,20,16,guided,16,3,0.050179
A,500000,20,16,guided,16,4,0.054037
A,500000,20,16,guided,16,5,0.049373
A,500000,20,16,guided,64,1,0.057039
A,500000,20,16,guided,64,2,0.049210
A,500000,20,16,guided,64,3,0.056710
A,500000,20,16,guided,64,4,0.054789
A,500000,20,16,guided,64,5,0.050500
A,500000,24,1,static,auto,1,1.972153
A,500000,24,1,static,auto,2,1.979304
A,500000,24,1,static,auto,3,1.961455
A,500000,24,1,static,auto,4,1.985579
A,500000,24,1,static,auto,5,2.007442
A,500000,24,1,dynamic,1,1,1.980784
A,500000,24,1,dynamic,1,2,2.010918
A,500000,24,1,dynamic,1,3,1.831778
A,500000,24,1,dynamic,1,4,1.848783
A,500000,24,1,dynamic,1,5,1.886269
A,500000,24,1,dynamic,4,1,1.844211
A,500000,24,1,dynamic,4,2,1.846894
A,500000,24,1,dynamic,4,3,1.819717
A,500000,24,1,dynamic,4,4,1.827878
A,500000,24,1,dynamic,4,5,1.844396
A,500000,24,1,dynamic,16,1,1.865062
A,500000,24,1,dynamic,16,2,1.935661
A,500000,24,1,dynamic,16,3,1.926186
A,500000,24,1,dynamic,16,4,1.949137
A,500000,24,1,dynamic,16,5,1.939811
A,500000,24,1,dynamic,64,1,1.975806
A,500000,24,1,dynamic,64,2,2.065320
A,500000,24,1,dynamic,64,3,2.013326
A,500000,24,1,dynamic,64,4,1.962401
A,500000,24,1,dynamic,64,5,1.835900
A,500000,24,1,guided,1,1,1.817193
A,500000,24,1,guided,1,2,1.827909
A,500000,24,1,guided,1,3,1.821356
A,500000,24,1,guided,1,4,1.816807
A,500000,24,1,guided,1,5,1.821887
A,500000,24,1,guided,4,1,1.821950
A,500000,24,1,guided,4,2,1.829639
A,500000,24,1,guided,4,3,1.888870
A,500000,24,1,guided,4,4,1.933560
A,500000,24,1,guided,4,5,1.931805
A,500000,24,1,guided,16,1,1.941822
A,500000,24,1,guided,16,2,1.948413
A,500000,24,1,guided,16,3,1.985250
A,500000,24,1,guided,16,4,1.978608
A,500000,24,1,guided,16,5,1.981584
A,500000,24,1,guided,64,1,1.931675
A,500000,24,1,guided,64,2,1.838613
A,500000,24,1,guided,64,3,1.825050
A,500000,24,1,guided,64,4,1.814521
A,500000,24,1,guided,64,5,1.819715
A,500000,24,2,static,auto,1,0.930998
A,500000,24,2,static,auto,2,0.943646
A,500000,24,2,static,auto,3,0.971125
A,500000,24,2,static,auto,4,0.949411
A,500000,24,2,static,auto,5,0.945638
A,500000,24,2,dynamic,1,1,0.938331
A,500000,24,2,dynamic,1,2,0.922759
A,500000,24,2,dynamic,1,3,1.042731
A,500000,24,2,dynamic,1,4,0.996358
A,500000,24,2,dynamic,1,5,1.514995
A,500000,24,2,dynamic,4,1,1.036850
A,500000,24,2,dynamic,4,2,1.034240
A,500000,24,2,dynamic,4,3,1.087554
A,500000,24,2,dynamic,4,4,1.004249
A,500000,24,2,dynamic,4,5,1.224832
A,500000,24,2,dynamic,16,1,1.035841
A,500000,24,2,dynamic,16,2,1.000922
A,500000,24,2,dynamic,16,3,1.157634
A,500000,24,2,dynamic,16,4,1.050579
A,500000,24,2,dynamic,16,5,1.040259
A,500000,24,2,dynamic,64,1,1.006498
A,500000,24,2,dynamic,64,2,1.014913
A,500000,24,2,dynamic,64,3,1.014475
A,500000,24,2,dynamic,64,4,1.190720
A,500000,24,2,dynamic,64,5,1.145537
A,500000,24,2,guided,1,1,1.083196
A,500000,24,2,guided,1,2,1.362200
A,500000,24,2,guided,1,3,1.013553
A,500000,24,2,guided,1,4,1.140760
A,500000,24,2,guided,1,5,1.017891
A,500000,24,2,guided,4,1,1.109600
A,500000,24,2,guided,4,2,1.219796
A,500000,24,2,guided,4,3,1.024104
A,500000,24,2,guided,4,4,1.006633
A,500000,24,2,guided,4,5,1.038383
A,500000,24,2,guided,16,1,1.413470
A,500000,24,2,guided,16,2,1.084479
A,500000,24,2,guided,16,3,0.975004
A,500000,24,2,guided,16,4,0.930450
A,500000,24,2,guided,16,5,1.005949
A,500000,24,2,guided,64,1,0.928547
A,500000,24,2,guided,64,2,0.922354
A,500000,24,2,guided,64,3,0.956583
A,500000,24,2,guided,64,4,0.919543
A,500000,24,2,guided,64,5,0.925886
A,500000,24,4,static,auto,1,0.470055
A,500000,24,4,static,auto,2,0.466371
A,500000,24,4,static,auto,3,0.458532
A,500000,24,4,static,auto,4,0.497794
A,500000,24,4,static,auto,5,0.470805
A,500000,24,4,dynamic,1,1,0.469389
A,500000,24,4,dynamic,1,2,0.499116
A,500000,24,4,dynamic,1,3,0.491729
A,500000,24,4,dynamic,1,4,0.481619
A,500000,24,4,dynamic,1,5,0.506697
A,500000,24,4,dynamic,4,1,0.502551
A,500000,24,4,dynamic,4,2,0.474882
A,500000,24,4,dynamic,4,3,0.527539
A,500000,24,4,dynamic,4,4,0.479264
A,500000,24,4,dynamic,4,5,0.456908
A,500000,24,4,dynamic,16,1,0.488729
A,500000,24,4,dynamic,16,2,0.464700
A,500000,24,4,dynamic,16,3,0.507304
A,500000,24,4,dynamic,16,4,0.510706
A,500000,24,4,dynamic,16,5,0.505647
A,500000,24,4,dynamic,64,1,0.519732
A,500000,24,4,dynamic,64,2,0.509401
A,500000,24,4,dynamic,64,3,0.492620
A,500000,24,4,dynamic,64,4,0.570390
A,500000,24,4,dynamic,64,5,0.524224
A,500000,24,4,guided,1,1,0.496366
A,500000,24,4,guided,1,2,0.521743
A,500000,24,4,guided,1,3,0.526243
A,500000,24,4,guided,1,4,0.593472
A,500000,24,4,guided,1,5,0.554157
A,500000,24,4,guided,4,1,0.554337
A,500000,24,4,guided,4,2,0.581695
A,500000,24,4,guided,4,3,0.620251
A,500000,24,4,guided,4,4,0.591399
A,500000,24,4,guided,4,5,0.501995
A,500000,24,4,guided,16,1,0.539718
A,500000,24,4,guided,16,2,0.531370
A,500000,24,4,guided,16,3,0.494088
A,500000,24,4,guided,16,4,0.554905
A,500000,24,4,guided,16,5,0.494782
A,500000,24,4,guided,64,1,0.495085
A,500000,24,4,guided,64,2,0.535969
A,500000,24,4,guided,64,3,0.557452
A,500000,24,4,guided,64,4,0.526569
A,500000,24,4,guided,64,5,0.514562
A,500000,24,8,static,auto,1,0.350265
A,500000,24,8,static,auto,2,0.344252
A,500000,24,8,static,auto,3,0.365641
A,500000,24,8,static,auto,4,0.383327
A,500000,24,8,static,auto,5,0.307463
A,500000,24,8,dynamic,1,1,0.288528
A,500000,24,8,dynamic,1,2,0.291113
A,500000,24,8,dynamic,1,3,0.305384
A,500000,24,8,dynamic,1,4,0.293662
A,500000,24,8,dynamic,1,5,0.279786
A,500000,24,8,dynamic,4,1,0.291773
A,500000,24,8,dynamic,4,2,0.292071
A,500000,24,8,dynamic,4,3,0.298827
A,500000,24,8,dynamic,4,4,0.294157
A,500000,24,8,dynamic,4,5,0.278627
A,500000,24,8,dynamic,16,1,0.291288
A,500000,24,8,dynamic,16,2,0.304073
A,500000,24,8,dynamic,16,3,0.296957
A,500000,24,8,dynamic,16,4,0.276358
A,500000,24,8,dynamic,16,5,0.278593
A,500000,24,8,dynamic,64,1,0.299996
A,500000,24,8,dynamic,64,2,0.274016
A,500000,24,8,dynamic,64,3,0.291278
A,500000,24,8,dynamic,64,4,0.292731
A,500000,24,8,dynamic,64,5,0.282409
A,500000,24,8,guided,1,1,0.294011
A,500000,24,8,guided,1,2,0.295629
A,500000,24,8,guided,1,3,0.282691
A,500000,24,8,guided,1,4,0.305842
A,500000,24,8,guided,1,5,0.295144
A,500000,24,8,guided,4,1,0.276132
A,500000,24,8,guided,4,2,0.296732
A,500000,24,8,guided,4,3,0.293179
A,500000,24,8,guided,4,4,0.302148
A,500000,24,8,guided,4,5,0.311077
A,500000,24,8,guided,16,1,0.292499
A,500000,24,8,guided,16,2,0.324980
A,500000,24,8,guided,16,3,0.295663
A,500000,24,8,guided,16,4,0.297568
A,500000,24,8,guided,16,5,0.337756
A,500000,24,8,guided,64,1,0.300226
A,500000,24,8,guided,64,2,0.287689
A,500000,24,8,guided,64,3,0.281988
A,500000,24,8,guided,64,4,0.293120
A,500000,24,8,guided,64,5,0.292785
A,500000,24,16,static,auto,1,0.264194
A,500000,24,16,static,auto,2,0.266421
A,500000,24,16,static,auto,3,0.256331
A,500000,24,16,static,auto,4,0.260269
A,500000,24,16,static,auto,5,0.256317
A,500000,24,16,dynamic,1,1,0.248279
A,500000,24,16,dynamic,1,2,0.267477
A,500000,24,16,dynamic,1,3,0.238504
A,500000,24,16,dynamic,1,4,0.244589
A,500000,24,16,dynamic,1,5,0.244890
A,500000,24,16,dynamic,4,1,0.250789
A,500000,24,16,dynamic,4,2,0.241814
A,500000,24,16,dynamic,4,3,0.245376
A,500000,24,16,dynamic,4,4,0.239530
A,500000,24,16,dynamic,4,5,0.259122
A,500000,24,16,dynamic,16,1,0.262547
A,500000,24,16,dynamic,16,2,0.266987
A,500000,24,16,dynamic,16,3,0.272679
A,500000,24,16,dynamic,16,4,0.273195
A,500000,24,16,dynamic,16,5,0.261897
A,500000,24,16,dynamic,64,1,0.268714
A,500000,24,16,dynamic,64,2,0.269013
A,500000,24,16,dynamic,64,3,0.273004
A,500000,24,16,dynamic,64,4,0.259505
A,500000,24,16,dynamic,64,5,0.266839
A,500000,24,16,guided,1,1,0.281541
A,500000,24,16,guided,1,2,0.271389
A,500000,24,16,guided,1,3,0.267436
A,500000,24,16,guided,1,4,0.278343
A,500000,24,16,guided,1,5,0.260265
A,500000,24,16,guided,4,1,0.266100
A,500000,24,16,guided,4,2,0.269413
A,500000,24,16,guided,4,3,0.293964
A,500000,24,16,guided,4,4,0.262611
A,500000,24,16,guided,4,5,0.263482
A,500000,24,16,guided,16,1,0.275775
A,500000,24,16,guided,16,2,0.272617
A,500000,24,16,guided,16,3,0.259905
A,500000,24,16,guided,16,4,0.260669
A,500000,24,16,guided,16,5,0.294168
A,500000,24,16,guided,64,1,0.264451
A,500000,24,16,guided,64,2,0.264929
A,500000,24,16,guided,64,3,0.262155
A,500000,24,16,guided,64,4,0.297046
A,500000,24,16,guided,64,5,0.262494
A,500000,28,1,static,auto,1,11.506893
A,500000,28,1,static,auto,2,10.884125
A,500000,28,1,static,auto,3,11.713512
A,500000,28,1,static,auto,4,11.451346
A,500000,28,1,static,auto,5,10.981345
A,500000,28,1,dynamic,1,1,11.832060
A,500000,28,1,dynamic,1,2,11.217336
A,500000,28,1,dynamic,1,3,11.155962
A,500000,28,1,dynamic,1,4,11.836951
A,500000,28,1,dynamic,1,5,11.016500
A,500000,28,1,dynamic,4,1,11.207993
A,500000,28,1,dynamic,4,2,11.875091
A,500000,28,1,dynamic,4,3,10.972244
A,500000,28,1,dynamic,4,4,11.523426
A,500000,28,1,dynamic,4,5,11.655257
A,500000,28,1,dynamic,16,1,10.911925
A,500000,28,1,dynamic,16,2,11.641354
A,500000,28,1,dynamic,16,3,11.490598
A,500000,28,1,dynamic,16,4,10.934155
A,500000,28,1,dynamic,16,5,11.897411
A,500000,28,1,dynamic,64,1,11.793710
A,500000,28,1,dynamic,64,2,12.061359
A,500000,28,1,dynamic,64,3,12.027369
A,500000,28,1,dynamic,64,4,10.973001
A,500000,28,1,dynamic,64,5,11.198104
A,500000,28,1,guided,1,1,11.934689
A,500000,28,1,guided,1,2,10.913229
A,500000,28,1,guided,1,3,11.502761
A,500000,28,1,guided,1,4,11.804178
A,500000,28,1,guided,1,5,11.842741
A,500000,28,1,guided,4,1,11.392733
A,500000,28,1,guided,4,2,11.007122
A,500000,28,1,guided,4,3,11.963282
A,500000,28,1,guided,4,4,11.729744
A,500000,28,1,guided,4,5,12.031784
A,500000,28,1,guided,16,1,11.818492
A,500000,28,1,guided,16,2,11.543444
A,500000,28,1,guided,16,3,11.338505
A,500000,28,1,guided,16,4,10.979884
A,500000,28,1,guided,16,5,11.424473
A,500000,28,1,guided,64,1,12.011656
A,500000,28,1,guided,64,2,11.081473
A,500000,28,1,guided,64,3,11.188107
A,500000,28,1,guided,64,4,11.734578
A,500000,28,1,guided,64,5,11.282209
A,500000,28,2,static,auto,1,5.820869
A,500000,28,2,static,auto,2,5.835377
A,500000,28,2,static,auto,3,5.765599
A,500000,28,2,static,auto,4,6.069848
A,500000,28,2,static,auto,5,5.861614
A,500000,28,2,dynamic,1,1,5.811285
A,500000,28,2,dynamic,1,2,5.801383
A,500000,28,2,dynamic,1,3,6.161755
A,500000,28,2,dynamic,1,4,6.188474
A,500000,28,2,dynamic,1,5,6.483900
A,500000,28,2,dynamic,4,1,6.782723
A,500000,28,2,dynamic,4,2,5.747221
A,500000,28,2,dynamic,4,3,5.889135
A,500000,28,2,dynamic,4,4,5.904249
A,500000,28,2,dynamic,4,5,6.235627
A,500000,28,2,dynamic,16,1,6.179842
A,500000,28,2,dynamic,16,2,5.844738
A,500000,28,2,dynamic,16,3,5.934830
A,500000,28,2,dynamic,16,4,6.117528
A,500000,28,2,dynamic,16,5,5.636189
A,500000,28,2,dynamic,64,1,5.966267
A,500000,28,2,dynamic,64,2,6.368291
A,500000,28,2,dynamic,64,3,6.184741
A,500000,28,2,dynamic,64,4,6.121401
A,500000,28,2,dynamic,64,5,5.770481
A,500000,28,2,guided,1,1,5.933064
A,500000,28,2,guided,1,2,6.114540
A,500000,28,2,guided,1,3,5.789198
A,500000,28,2,guided,1,4,6.031545
A,500000,28,2,guided,1,5,6.416427
A,500000,28,2,guided,4,1,5.636797
A,500000,28,2,guided,4,2,6.131464
A,500000,28,2,guided,4,3,5.816027
A,500000,28,2,guided,4,4,5.881600
A,500000,28,2,guided,4,5,5.940017
A,500000,28,2,guided,16,1,5.632221
A,500000,28,2,guided,16,2,5.937459
A,500000,28,2,guided,16,3,6.240866
A,500000,28,2,guided,16,4,5.808487
A,500000,28,2,guided,16,5,5.781154
A,500000,28,2,guided,64,1,5.887358
A,500000,28,2,guided,64,2,5.798852
A,500000,28,2,guided,64,3,5.963921
A,500000,28,2,guided,64,4,5.829282
A,500000,28,2,guided,64,5,5.554196
A,500000,28,4,static,auto,1,3.133458
A,500000,28,4,static,auto,2,3.181804
A,500000,28,4,static,auto,3,3.023971
A,500000,28,4,static,auto,4,3.094594
A,500000,28,4,static,auto,5,3.557675
A,500000,28,4,dynamic,1,1,3.050867
A,500000,28,4,dynamic,1,2,3.314707
A,500000,28,4,dynamic,1,3,3.013307
A,500000,28,4,dynamic,1,4,2.837422
A,500000,28,4,dynamic,1,5,2.911225
A,500000,28,4,dynamic,4,1,3.017418
A,500000,28,4,dynamic,4,2,3.024154
A,500000,28,4,dynamic,4,3,3.034761
A,500000,28,4,dynamic,4,4,2.995548
A,500000,28,4,dynamic,4,5,3.130949
A,500000,28,4,dynamic,16,1,3.019902
A,500000,28,4,dynamic,16,2,2.942807
A,500000,28,4,dynamic,16,3,3.206450
A,500000,28,4,dynamic,16,4,2.977593
A,500000,28,4,dynamic,16,5,3.018360
A,500000,28,4,dynamic,64,1,2.981739
A,500000,28,4,dynamic,64,2,2.934043
A,500000,28,4,dynamic,64,3,3.060036
A,500000,28,4,dynamic,64,4,2.932005
A,500000,28,4,dynamic,64,5,2.934888
A,500000,28,4,guided,1,1,3.113647
A,500000,28,4,guided,1,2,3.154250
A,500000,28,4,guided,1,3,3.402492
A,500000,28,4,guided,1,4,3.026997
A,500000,28,4,guided,1,5,3.094017
A,500000,28,4,guided,4,1,2.933393
A,500000,28,4,guided,4,2,3.016576
A,500000,28,4,guided,4,3,2.851455
A,500000,28,4,guided,4,4,3.165946
A,500000,28,4,guided,4,5,2.956576
A,500000,28,4,guided,16,1,3.440844
A,500000,28,4,guided,16,2,2.973642
A,500000,28,4,guided,16,3,3.047165
A,500000,28,4,guided,16,4,3.102536
A,500000,28,4,guided,16,5,2.926566
A,500000,28,4,guided,64,1,3.035745
A,500000,28,4,guided,64,2,3.053551
A,500000,28,4,guided,64,3,2.904327
A,500000,28,4,guided,64,4,3.246840
A,500000,28,4,guided,64,5,3.001179
A,500000,28,8,static,auto,1,1.791684
A,500000,28,8,static,auto,2,1.946010
A,500000,28,8,static,auto,3,2.000293
A,500000,28,8,static,auto,4,1.840286
A,500000,28,8,static,auto,5,1.833993
A,500000,28,8,dynamic,1,1,1.823212
A,500000,28,8,dynamic,1,2,1.864033
A,500000,28,8,dynamic,1,3,1.718032
A,500000,28,8,dynamic,1,4,1.749796
A,500000,28,8,dynamic,1,5,1.729371
A,500000,28,8,dynamic,4,1,1.865687
A,500000,28,8,dynamic,4,2,1.936265
A,500000,28,8,dynamic,4,3,1.737998
A,500000,28,8,dynamic,4,4,1.717756
A,500000,28,8,dynamic,4,5,1.863115
A,500000,28,8,dynamic,16,1,1.899941
A,500000,28,8,dynamic,16,2,1.760607
A,500000,28,8,dynamic,16,3,1.810388
A,500000,28,8,dynamic,16,4,1.933271
A,500000,28,8,dynamic,16,5,1.979852
A,500000,28,8,dynamic,64,1,1.808699
A,500000,28,8,dynamic,64,2,1.755629
A,500000,28,8,dynamic,64,3,1.828616
A,500000,28,8,dynamic,64,4,1.842359
A,500000,28,8,dynamic,64,5,1.829390
A,500000,28,8,guided,1,1,1.748477
A,500000,28,8,guided,1,2,1.701342
A,500000,28,8,guided,1,3,1.776334
A,500000,28,8,guided,1,4,1.913721
A,500000,28,8,guided,1,5,1.743610
A,500000,28,8,guided,4,1,1.750855
A,500000,28,8,guided,4,2,1.778316
A,500000,28,8,guided,4,3,1.874265
A,500000,28,8,guided,4,4,1.817487
A,500000,28,8,guided,4,5,1.747297
A,500000,28,8,guided,16,1,1.750607
A,500000,28,8,guided,16,2,1.899362
A,500000,28,8,guided,16,3,1.862442
A,500000,28,8,guided,16,4,1.782076
A,500000,28,8,guided,16,5,1.806346
A,500000,28,8,guided,64,1,1.721716
A,500000,28,8,guided,64,2,1.876318
A,500000,28,8,guided,64,3,1.846313
A,500000,28,8,guided,64,4,1.897937
A,500000,28,8,guided,64,5,1.870785
A,500000,28,16,static,auto,1,1.533961
A,500000,28,16,static,auto,2,1.548901
A,500000,28,16,static,auto,3,1.483831
A,500000,28,16,static,auto,4,1.487622
A,500000,28,16,static,auto,5,1.485316
A,500000,28,16,dynamic,1,1,1.460315
A,500000,28,16,dynamic,1,2,1.463318
A,500000,28,16,dynamic,1,3,1.555104
A,500000,28,16,dynamic,1,4,1.540981
A,500000,28,16,dynamic,1,5,1.516842
A,500000,28,16,dynamic,4,1,1.533447
A,500000,28,16,dynamic,4,2,1.533841
A,500000,28,16,dynamic,4,3,1.517941
A,500000,28,16,dynamic,4,4,1.531252
A,500000,28,16,dynamic,4,5,1.523614
A,500000,28,16,dynamic,16,1,1.522876
A,500000,28,16,dynamic,16,2,1.534394
A,500000,28,16,dynamic,16,3,1.527346
A,500000,28,16,dynamic,16,4,1.509901
A,500000,28,16,dynamic,16,5,1.515691
A,500000,28,16,dynamic,64,1,1.513454
A,500000,28,16,dynamic,64,2,1.522822
A,500000,28,16,dynamic,64,3,1.504325
A,500000,28,16,dynamic,64,4,1.492719
A,500000,28,16,dynamic,64,5,1.480900
A,500000,28,16,guided,1,1,1.483146
A,500000,28,16,guided,1,2,1.481923
A,500000,28,16,guided,1,3,1.489559
A,500000,28,16,guided,1,4,1.550789
A,500000,28,16,guided,1,5,1.554176
A,500000,28,16,guided,4,1,1.528223
A,500000,28,16,guided,4,2,1.538549
A,500000,28,16,guided,4,3,1.526080
A,500000,28,16,guided,4,4,1.530281
A,500000,28,16,guided,4,5,1.521690
A,500000,28,16,guided,16,1,1.517541
A,500000,28,16,guided,16,2,1.517308
A,500000,28,16,guided,16,3,1.550789
A,500000,28,16,guided,16,4,1.561855
A,500000,28,16,guided,16,5,1.508969
A,500000,28,16,guided,64,1,1.518615
A,500000,28,16,guided,64,2,1.505397
A,500000,28,16,guided,64,3,1.524633
A,500000,28,16,guided,64,4,1.507273
A,500000,28,16,guided,64,5,1.475227
A,1000000,20,1,static,auto,1,0.603633
A,1000000,20,1,static,auto,2,0.609078
A,1000000,20,1,static,auto,3,0.607781
A,1000000,20,1,static,auto,4,0.612027
A,1000000,20,1,static,auto,5,0.604201
A,1000000,20,1,dynamic,1,1,0.607739
A,1000000,20,1,dynamic,1,2,0.608812
A,1000000,20,1,dynamic,1,3,0.616034
A,1000000,20,1,dynamic,1,4,0.621327
A,1000000,20,1,dynamic,1,5,0.662561
A,1000000,20,1,dynamic,4,1,0.683636
A,1000000,20,1,dynamic,4,2,0.635195
A,1000000,20,1,dynamic,4,3,0.630795
A,1000000,20,1,dynamic,4,4,0.626587
A,1000000,20,1,dynamic,4,5,0.631033
A,1000000,20,1,dynamic,16,1,0.635014
A,1000000,20,1,dynamic,16,2,0.633329
A,1000000,20,1,dynamic,16,3,0.638656
A,1000000,20,1,dynamic,16,4,0.632240
A,1000000,20,1,dynamic,16,5,0.633452
A,1000000,20,1,dynamic,64,1,0.631367
A,1000000,20,1,dynamic,64,2,0.640405
A,1000000,20,1,dynamic,64,3,0.632841
A,1000000,20,1,dynamic,64,4,0.640520
A,1000000,20,1,dynamic,64,5,0.635176
A,1000000,20,1,guided,1,1,0.636906
A,1000000,20,1,guided,1,2,0.638242
A,1000000,20,1,guided,1,3,0.638303
A,1000000,20,1,guided,1,4,0.637222
A,1000000,20,1,guided,1,5,0.639712
A,1000000,20,1,guided,4,1,0.632651
A,1000000,20,1,guided,4,2,0.635267
A,1000000,20,1,guided,4,3,0.633215
A,1000000,20,1,guided,4,4,0.634414
A,1000000,20,1,guided,4,5,0.632989
A,1000000,20,1,guided,16,1,0.719343
A,1000000,20,1,guided,16,2,0.632948
A,1000000,20,1,guided,16,3,0.625254
A,1000000,20,1,guided,16,4,0.626508
A,1000000,20,1,guided,16,5,0.626706
A,1000000,20,1,guided,64,1,0.627392
A,1000000,20,1,guided,64,2,0.625618
A,1000000,20,1,guided,64,3,0.626930
A,1000000,20,1,guided,64,4,0.625649
A,1000000,20,1,guided,64,5,0.633183
A,1000000,20,2,static,auto,1,0.321875
A,1000000,20,2,static,auto,2,0.322889
A,1000000,20,2,static,auto,3,0.338485
A,1000000,20,2,static,auto,4,0.351064
A,1000000,20,2,static,auto,5,0.329714
A,1000000,20,2,dynamic,1,1,0.364268
A,1000000,20,2,dynamic,1,2,0.518871
A,1000000,20,2,dynamic,1,3,0.354603
A,1000000,20,2,dynamic,1,4,0.312207
A,1000000,20,2,dynamic,1,5,0.421471
A,1000000,20,2,dynamic,4,1,0.313606
A,1000000,20,2,dynamic,4,2,0.318642
A,1000000,20,2,dynamic,4,3,0.307264
A,1000000,20,2,dynamic,4,4,0.308106
A,1000000,20,2,dynamic,4,5,0.307915
A,1000000,20,2,dynamic,16,1,0.309527
A,1000000,20,2,dynamic,16,2,0.313339
A,1000000,20,2,dynamic,16,3,0.335623
A,1000000,20,2,dynamic,16,4,0.313045
A,1000000,20,2,dynamic,16,5,0.314118
A,1000000,20,2,dynamic,64,1,0.314162
A,1000000,20,2,dynamic,64,2,0.311696
A,1000000,20,2,dynamic,64,3,0.335030
A,1000000,20,2,dynamic,64,4,0.321537
A,1000000,20,2,dynamic,64,5,0.337318
A,1000000,20,2,guided,1,1,0.326780
A,1000000,20,2,guided,1,2,0.334359
A,1000000,20,2,guided,1,3,0.332166
A,1000000,20,2,guided,1,4,0.336312
A,1000000,20,2,guided,1,5,0.343954
A,1000000,20,2,guided,4,1,0.352564
A,1000000,20,2,guided,4,2,0.331954
A,1000000,20,2,guided,4,3,0.316439
A,1000000,20,2,guided,4,4,0.324281
A,1000000,20,2,guided,4,5,0.324479
A,1000000,20,2,guided,16,1,0.316236
A,1000000,20,2,guided,16,2,0.317168
A,1000000,20,2,guided,16,3,0.318145
A,1000000,20,2,guided,16,4,0.445925
A,1000000,20,2,guided,16,5,0.320729
A,1000000,20,2,guided,64,1,0.318926
A,1000000,20,2,guided,64,2,0.316638
A,1000000,20,2,guided,64,3,0.332357
A,1000000,20,2,guided,64,4,0.320936
A,1000000,20,2,guided,64,5,0.442896
A,1000000,20,4,static,auto,1,0.190276
A,1000000,20,4,static,auto,2,0.177432
A,1000000,20,4,static,auto,3,0.181790
A,1000000,20,4,static,auto,4,0.180984
A,1000000,20,4,static,auto,5,0.201128
A,1000000,20,4,dynamic,1,1,0.165137
A,1000000,20,4,dynamic,1,2,0.164296
A,1000000,20,4,dynamic,1,3,0.173656
A,1000000,20,4,dynamic,1,4,0.180012
A,1000000,20,4,dynamic,1,5,0.166021
A,1000000,20,4,dynamic,4,1,0.174451
A,1000000,20,4,dynamic,4,2,0.193897
A,1000000,20,4,dynamic,4,3,0.163091
A,1000000,20,4,dynamic,4,4,0.162951
A,1000000,20,4,dynamic,4,5,0.177855
A,1000000,20,4,dynamic,16,1,0.185756
A,1000000,20,4,dynamic,16,2,0.160846
A,1000000,20,4,dynamic,16,3,0.161782
A,1000000,20,4,dynamic,16,4,0.162238
A,1000000,20,4,dynamic,16,5,0.166176
A,1000000,20,4,dynamic,64,1,0.166669
A,1000000,20,4,dynamic,64,2,0.162040
A,1000000,20,4,dynamic,64,3,0.160195
A,1000000,20,4,dynamic,64,4,0.159909
A,1000000,20,4,dynamic,64,5,0.179121
A,1000000,20,4,guided,1,1,0.162326
A,1000000,20,4,guided,1,2,0.167221
A,1000000,20,4,guided,1,3,0.177594
A,1000000,20,4,guided,1,4,0.163327
A,1000000,20,4,guided,1,5,0.165266
A,1000000,20,4,guided,4,1,0.174361
A,1000000,20,4,guided,4,2,0.164431
A,1000000,20,4,guided,4,3,0.170034
A,1000000,20,4,guided,4,4,0.168923
A,1000000,20,4,guided,4,5,0.177874
A,1000000,20,4,guided,16,1,0.176415
A,1000000,20,4,guided,16,2,0.183029
A,1000000,20,4,guided,16,3,0.176264
A,1000000,20,4,guided,16,4,0.160853
A,1000000,20,4,guided,16,5,0.179164
A,1000000,20,4,guided,64,1,0.160898
A,1000000,20,4,guided,64,2,0.162366
A,1000000,20,4,guided,64,3,0.167735
A,1000000,20,4,guided,64,4,0.163775
A,1000000,20,4,guided,64,5,0.194501
A,1000000,20,8,static,auto,1,0.124560
A,1000000,20,8,static,auto,2,0.126253
A,1000000,20,8,static,auto,3,0.122322
A,1000000,20,8,static,auto,4,0.143631
A,1000000,20,8,static,auto,5,0.123532
A,1000000,20,8,dynamic,1,1,0.103472
A,1000000,20,8,dynamic,1,2,0.107641
A,1000000,20,8,dynamic,1,3,0.115226
A,1000000,20,8,dynamic,1,4,0.101702
A,1000000,20,8,dynamic,1,5,0.116433
A,1000000,20,8,dynamic,4,1,0.101531
A,1000000,20,8,dynamic,4,2,0.103269
A,1000000,20,8,dynamic,4,3,0.102833
A,1000000,20,8,dynamic,4,4,0.104449
A,1000000,20,8,dynamic,4,5,0.105058
A,1000000,20,8,dynamic,16,1,0.105339
A,1000000,20,8,dynamic,16,2,0.108578
A,1000000,20,8,dynamic,16,3,0.098307
A,1000000,20,8,dynamic,16,4,0.099979
A,1000000,20,8,dynamic,16,5,0.113004
A,1000000,20,8,dynamic,64,1,0.110661
A,1000000,20,8,dynamic,64,2,0.106976
A,1000000,20,8,dynamic,64,3,0.111691
A,1000000,20,8,dynamic,64,4,0.110203
A,1000000,20,8,dynamic,64,5,0.111183
A,1000000,20,8,guided,1,1,0.118653
A,1000000,20,8,guided,1,2,0.095753
A,1000000,20,8,guided,1,3,0.117715
A,1000000,20,8,guided,1,4,0.116013
A,1000000,20,8,guided,1,5,0.109116
A,1000000,20,8,guided,4,1,0.117024
A,1000000,20,8,guided,4,2,0.105215
A,1000000,20,8,guided,4,3,0.101113
A,1000000,20,8,guided,4,4,0.096646
A,1000000,20,8,guided,4,5,0.102085
A,1000000,20,8,guided,16,1,0.101936
A,1000000,20,8,guided,16,2,0.098373
A,1000000,20,8,guided,16,3,0.106735
A,1000000,20,8,guided,16,4,0.110835
A,1000000,20,8,guided,16,5,0.114947
A,1000000,20,8,guided,64,1,0.095993
A,1000000,20,8,guided,64,2,0.095526
A,1000000,20,8,guided,64,3,0.109498
A,1000000,20,8,guided,64,4,0.124794
A,1000000,20,8,guided,64,5,0.125263
A,1000000,20,16,static,auto,1,0.098153
A,1000000,20,16,static,auto,2,0.095225
A,1000000,20,16,static,auto,3,0.098825
A,1000000,20,16,static,auto,4,0.101930
A,1000000,20,16,static,auto,5,0.093847
A,1000000,20,16,dynamic,1,1,0.087744
A,1000000,20,16,dynamic,1,2,0.084667
A,1000000,20,16,dynamic,1,3,0.088631
A,1000000,20,16,dynamic,1,4,0.092288
A,1000000,20,16,dynamic,1,5,0.087552
A,1000000,20,16,dynamic,4,1,0.086853
A,1000000,20,16,dynamic,4,2,0.087185
A,1000000,20,16,dynamic,4,3,0.089467
A,1000000,20,16,dynamic,4,4,0.085906
A,1000000,20,16,dynamic,4,5,0.091598
A,1000000,20,16,dynamic,16,1,0.086719
A,1000000,20,16,dynamic,16,2,0.084632
A,1000000,20,16,dynamic,16,3,0.080196
A,1000000,20,16,dynamic,16,4,0.083781
A,1000000,20,16,dynamic,16,5,0.084946
A,1000000,20,16,dynamic,64,1,0.087830
A,1000000,20,16,dynamic,64,2,0.089107
A,1000000,20,16,dynamic,64,3,0.085388
A,1000000,20,16,dynamic,64,4,0.102460
A,1000000,20,16,dynamic,64,5,0.085315
A,1000000,20,16,guided,1,1,0.088124
A,1000000,20,16,guided,1,2,0.091643
A,1000000,20,16,guided,1,3,0.086773
A,1000000,20,16,guided,1,4,0.083210
A,1000000,20,16,guided,1,5,0.080735
A,1000000,20,16,guided,4,1,0.097847
A,1000000,20,16,guided,4,2,0.084888
A,1000000,20,16,guided,4,3,0.082238
A,1000000,20,16,guided,4,4,0.096856
A,1000000,20,16,guided,4,5,0.082087
A,1000000,20,16,guided,16,1,0.083115
A,1000000,20,16,guided,16,2,0.084404
A,1000000,20,16,guided,16,3,0.086547
A,1000000,20,16,guided,16,4,0.098465
A,1000000,20,16,guided,16,5,0.082238
A,1000000,20,16,guided,64,1,0.081959
A,1000000,20,16,guided,64,2,0.090060
A,1000000,20,16,guided,64,3,0.083921
A,1000000,20,16,guided,64,4,0.106565
A,1000000,20,16,guided,64,5,0.084452
A,1000000,24,1,static,auto,1,3.697177
A,1000000,24,1,static,auto,2,3.649235
A,1000000,24,1,static,auto,3,3.901650
A,1000000,24,1,static,auto,4,3.745426
A,1000000,24,1,static,auto,5,3.873155
A,1000000,24,1,dynamic,1,1,3.756223
A,1000000,24,1,dynamic,1,2,3.830291
A,1000000,24,1,dynamic,1,3,3.757606
A,1000000,24,1,dynamic,1,4,3.803001
A,1000000,24,1,dynamic,1,5,3.774840
A,1000000,24,1,dynamic,4,1,3.895239
A,1000000,24,1,dynamic,4,2,3.636704
A,1000000,24,1,dynamic,4,3,3.745816
A,1000000,24,1,dynamic,4,4,3.719835
A,1000000,24,1,dynamic,4,5,3.739565
A,1000000,24,1,dynamic,16,1,3.839725
A,1000000,24,1,dynamic,16,2,3.729133
A,1000000,24,1,dynamic,16,3,3.913032
A,1000000,24,1,dynamic,16,4,3.772875
A,1000000,24,1,dynamic,16,5,3.839619
A,1000000,24,1,dynamic,64,1,3.647851
A,1000000,24,1,dynamic,64,2,3.800119
A,1000000,24,1,dynamic,64,3,3.754903
A,1000000,24,1,dynamic,64,4,3.862265
A,1000000,24,1,dynamic,64,5,3.689080
A,1000000,24,1,guided,1,1,3.937701
A,1000000,24,1,guided,1,2,3.742452
A,1000000,24,1,guided,1,3,3.851210
A,1000000,24,1,guided,1,4,3.642897
A,1000000,24,1,guided,1,5,3.910573
A,1000000,24,1,guided,4,1,3.660757
A,1000000,24,1,guided,4,2,3.891757
A,1000000,24,1,guided,4,3,3.683938
A,1000000,24,1,guided,4,4,3.826754
A,1000000,24,1,guided,4,5,3.767507
A,1000000,24,1,guided,16,1,3.810361
A,1000000,24,1,guided,16,2,3.751355
A,1000000,24,1,guided,16,3,3.745552
A,1000000,24,1,guided,16,4,3.794557
A,1000000,24,1,guided,16,5,3.706799
A,1000000,24,1,guided,64,1,3.836071
A,1000000,24,1,guided,64,2,3.752230
A,1000000,24,1,guided,64,3,3.868807
A,1000000,24,1,guided,64,4,3.676487
A,1000000,24,1,guided,64,5,3.907777
A,1000000,24,2,static,auto,1,1.876052
A,1000000,24,2,static,auto,2,1.907211
A,1000000,24,2,static,auto,3,1.994587
A,1000000,24,2,static,auto,4,1.960799
A,1000000,24,2,static,auto,5,1.880859
A,1000000,24,2,dynamic,1,1,1.884044
A,1000000,24,2,dynamic,1,2,1.943894
A,1000000,24,2,dynamic,1,3,2.302805
A,1000000,24,2,dynamic,1,4,2.016535
A,1000000,24,2,dynamic,1,5,2.061748
A,1000000,24,2,dynamic,4,1,2.199077
A,1000000,24,2,dynamic,4,2,1.991465
A,1000000,24,2,dynamic,4,3,2.104378
A,1000000,24,2,dynamic,4,4,1.919327
A,1000000,24,2,dynamic,4,5,1.992568
A,1000000,24,2,dynamic,16,1,1.930666
A,1000000,24,2,dynamic,16,2,2.024354
A,1000000,24,2,dynamic,16,3,1.888960
A,1000000,24,2,dynamic,16,4,1.920269
A,1000000,24,2,dynamic,16,5,1.949819
A,1000000,24,2,dynamic,64,1,2.328046
A,1000000,24,2,dynamic,64,2,2.094237
A,1000000,24,2,dynamic,64,3,1.995253
A,1000000,24,2,dynamic,64,4,2.058339
A,1000000,24,2,dynamic,64,5,1.926670
A,1000000,24,2,guided,1,1,1.892657
A,1000000,24,2,guided,1,2,1.999808
A,1000000,24,2,guided,1,3,1.958720
A,1000000,24,2,guided,1,4,2.155633
A,1000000,24,2,guided,1,5,1.877242
A,1000000,24,2,guided,4,1,2.129975
A,1000000,24,2,guided,4,2,2.053093
A,1000000,24,2,guided,4,3,1.971541
A,1000000,24,2,guided,4,4,1.831690
A,1000000,24,2,guided,4,5,2.003769
A,1000000,24,2,guided,16,1,1.975707
A,1000000,24,2,guided,16,2,1.853132
A,1000000,24,2,guided,16,3,1.897083
A,1000000,24,2,guided,16,4,2.058285
A,1000000,24,2,guided,16,5,2.057570
A,1000000,24,2,guided,64,1,1.989055
A,1000000,24,2,guided,64,2,1.957082
A,1000000,24,2,guided,64,3,2.070654
A,1000000,24,2,guided,64,4,2.063357
A,1000000,24,2,guided,64,5,1.839422
A,1000000,24,4,static,auto,1,1.188927
A,1000000,24,4,static,auto,2,1.037086
A,1000000,24,4,static,auto,3,1.259370
A,1000000,24,4,static,auto,4,1.054778
A,1000000,24,4,static,auto,5,1.259702
A,1000000,24,4,dynamic,1,1,0.971093
A,1000000,24,4,dynamic,1,2,1.024668
A,1000000,24,4,dynamic,1,3,1.049245
A,1000000,24,4,dynamic,1,4,1.066487
A,1000000,24,4,dynamic,1,5,0.980764
A,1000000,24,4,dynamic,4,1,1.127493
A,1000000,24,4,dynamic,4,2,1.209391
A,1000000,24,4,dynamic,4,3,0.931511
A,1000000,24,4,dynamic,4,4,1.016973
A,1000000,24,4,dynamic,4,5,0.981585
A,1000000,24,4,dynamic,16,1,1.028217
A,1000000,24,4,dynamic,16,2,1.018141
A,1000000,24,4,dynamic,16,3,1.042253
A,1000000,24,4,dynamic,16,4,1.023448
A,1000000,24,4,dynamic,16,5,1.111585
A,1000000,24,4,dynamic,64,1,1.022232
A,1000000,24,4,dynamic,64,2,0.936073
A,1000000,24,4,dynamic,64,3,0.951686
A,1000000,24,4,dynamic,64,4,1.027197
A,1000000,24,4,dynamic,64,5,0.977000
A,1000000,24,4,guided,1,1,1.034328
A,1000000,24,4,guided,1,2,1.226614
A,1000000,24,4,guided,1,3,1.045890
A,1000000,24,4,guided,1,4,0.959674
A,1000000,24,4,guided,1,5,0.967740
A,1000000,24,4,guided,4,1,0.960323
A,1000000,24,4,guided,4,2,0.948305
A,1000000,24,4,guided,4,3,0.990278
A,1000000,24,4,guided,4,4,1.214539
A,1000000,24,4,guided,4,5,1.053640
A,1000000,24,4,guided,16,1,0.965498
A,1000000,24,4,guided,16,2,1.085734
A,1000000,24,4,guided,16,3,1.069876
A,1000000,24,4,guided,16,4,1.063032
A,1000000,24,4,guided,16,5,1.105315
A,1000000,24,4,guided,64,1,1.057984
A,1000000,24,4,guided,64,2,1.154297
A,1000000,24,4,guided,64,3,1.038933
A,1000000,24,4,guided,64,4,0.932033
A,1000000,24,4,guided,64,5,0.930620
A,1000000,24,8,static,auto,1,0.680749
A,1000000,24,8,static,auto,2,0.635018
A,1000000,24,8,static,auto,3,0.686613
A,1000000,24,8,static,auto,4,0.647358
A,1000000,24,8,static,auto,5,0.715930
A,1000000,24,8,dynamic,1,1,0.617340
A,1000000,24,8,dynamic,1,2,0.643029
A,1000000,24,8,dynamic,1,3,0.628815
A,1000000,24,8,dynamic,1,4,0.638991
A,1000000,24,8,dynamic,1,5,0.584713
A,1000000,24,8,dynamic,4,1,0.560648
A,1000000,24,8,dynamic,4,2,0.592302
A,1000000,24,8,dynamic,4,3,0.589301
A,1000000,24,8,dynamic,4,4,0.579373
A,1000000,24,8,dynamic,4,5,0.570385
A,1000000,24,8,dynamic,16,1,0.583469
A,1000000,24,8,dynamic,16,2,0.555991
A,1000000,24,8,dynamic,16,3,0.596102
A,1000000,24,8,dynamic,16,4,0.622995
A,1000000,24,8,dynamic,16,5,0.612291
A,1000000,24,8,dynamic,64,1,0.649486
A,1000000,24,8,dynamic,64,2,0.629406
A,1000000,24,8,dynamic,64,3,0.602223
A,1000000,24,8,dynamic,64,4,0.577555
A,1000000,24,8,dynamic,64,5,0.575914
A,1000000,24,8,guided,1,1,0.659183
A,1000000,24,8,guided,1,2,0.587552
A,1000000,24,8,guided,1,3,0.642122
A,1000000,24,8,guided,1,4,0.577737
A,1000000,24,8,guided,1,5,0.576223
A,1000000,24,8,guided,4,1,0.626659
A,1000000,24,8,guided,4,2,0.638966
A,1000000,24,8,guided,4,3,0.671592
A,1000000,24,8,guided,4,4,0.631455
A,1000000,24,8,guided,4,5,0.642786
A,1000000,24,8,guided,16,1,0.592442
A,1000000,24,8,guided,16,2,0.587552
A,1000000,24,8,guided,16,3,0.577029
A,1000000,24,8,guided,16,4,0.614988
A,1000000,24,8,guided,16,5,0.595313
A,1000000,24,8,guided,64,1,0.604634
A,1000000,24,8,guided,64,2,0.565702
A,1000000,24,8,guided,64,3,0.562815
A,1000000,24,8,guided,64,4,0.587587
A,1000000,24,8,guided,64,5,0.604654
A,1000000,24,16,static,auto,1,0.548315
A,1000000,24,16,static,auto,2,0.553203
A,1000000,24,16,static,auto,3,0.548931
A,1000000,24,16,static,auto,4,0.539929
A,1000000,24,16,static,auto,5,0.516210
A,1000000,24,16,dynamic,1,1,0.486762
A,1000000,24,16,dynamic,1,2,0.496519
A,1000000,24,16,dynamic,1,3,0.479561
A,1000000,24,16,dynamic,1,4,0.499042
A,1000000,24,16,dynamic,1,5,0.484226
A,1000000,24,16,dynamic,4,1,0.498790
A,1000000,24,16,dynamic,4,2,0.477075
A,1000000,24,16,dynamic,4,3,0.490282
A,1000000,24,16,dynamic,4,4,0.483799
A,1000000,24,16,dynamic,4,5,0.498400
A,1000000,24,16,dynamic,16,1,0.548281
A,1000000,24,16,dynamic,16,2,0.535019
A,1000000,24,16,dynamic,16,3,0.531329
A,1000000,24,16,dynamic,16,4,0.533359
A,1000000,24,16,dynamic,16,5,0.530418
A,1000000,24,16,dynamic,64,1,0.491076
A,1000000,24,16,dynamic,64,2,0.494789
A,1000000,24,16,dynamic,64,3,0.475038
A,1000000,24,16,dynamic,64,4,0.500154
A,1000000,24,16,dynamic,64,5,0.493352
A,1000000,24,16,guided,1,1,0.493708
A,1000000,24,16,guided,1,2,0.479137
A,1000000,24,16,guided,1,3,0.491833
A,1000000,24,16,guided,1,4,0.494088
A,1000000,24,16,guided,1,5,0.502518
A,1000000,24,16,guided,4,1,0.529240
A,1000000,24,16,guided,4,2,0.529960
A,1000000,24,16,guided,4,3,0.534791
A,1000000,24,16,guided,4,4,0.527375
A,1000000,24,16,guided,4,5,0.536799
A,1000000,24,16,guided,16,1,0.512415
A,1000000,24,16,guided,16,2,0.526501
A,1000000,24,16,guided,16,3,0.481006
A,1000000,24,16,guided,16,4,0.491966
A,1000000,24,16,guided,16,5,0.483154
A,1000000,24,16,guided,64,1,0.500428
A,1000000,24,16,guided,64,2,0.480509
A,1000000,24,16,guided,64,3,0.493066
A,1000000,24,16,guided,64,4,0.499211
A,1000000,24,16,guided,64,5,0.524623
A,1000000,28,1,static,auto,1,22.553727
A,1000000,28,1,static,auto,2,22.883405
A,1000000,28,1,static,auto,3,22.540255
A,1000000,28,1,static,auto,4,22.490077
A,1000000,28,1,static,auto,5,22.669490
A,1000000,28,1,dynamic,1,1,22.369415
A,1000000,28,1,dynamic,1,2,23.136005
A,1000000,28,1,dynamic,1,3,22.353356
A,1000000,28,1,dynamic,1,4,22.578624
A,1000000,28,1,dynamic,1,5,22.720417
A,1000000,28,1,dynamic,4,1,22.428014
A,1000000,28,1,dynamic,4,2,22.088693
A,1000000,28,1,dynamic,4,3,22.662658
A,1000000,28,1,dynamic,4,4,22.594652
A,1000000,28,1,dynamic,4,5,22.123007
A,1000000,28,1,dynamic,16,1,22.473474
A,1000000,28,1,dynamic,16,2,22.707744
A,1000000,28,1,dynamic,16,3,22.270424
A,1000000,28,1,dynamic,16,4,22.939161
A,1000000,28,1,dynamic,16,5,22.750694
A,1000000,28,1,dynamic,64,1,22.702958
A,1000000,28,1,dynamic,64,2,22.722788
A,1000000,28,1,dynamic,64,3,22.739876
A,1000000,28,1,dynamic,64,4,22.740987
A,1000000,28,1,dynamic,64,5,22.609177
A,1000000,28,1,guided,1,1,22.664893
A,1000000,28,1,guided,1,2,22.651937
A,1000000,28,1,guided,1,3,22.762047
A,1000000,28,1,guided,1,4,22.634644
A,1000000,28,1,guided,1,5,22.735658
A,1000000,28,1,guided,4,1,22.545593
A,1000000,28,1,guided,4,2,22.592697
A,1000000,28,1,guided,4,3,22.688862
A,1000000,28,1,guided,4,4,22.662003
A,1000000,28,1,guided,4,5,22.652830
A,1000000,28,1,guided,16,1,22.564426
A,1000000,28,1,guided,16,2,22.685089
A,1000000,28,1,guided,16,3,22.458875
A,1000000,28,1,guided,16,4,22.043351
A,1000000,28,1,guided,16,5,22.700816
A,1000000,28,1,guided,64,1,22.583444
A,1000000,28,1,guided,64,2,22.557628
A,1000000,28,1,guided,64,3,22.454739
A,1000000,28,1,guided,64,4,22.210275
A,1000000,28,1,guided,64,5,22.399792
A,1000000,28,2,static,auto,1,11.948516
A,1000000,28,2,static,auto,2,11.958743
A,1000000,28,2,static,auto,3,12.455473
A,1000000,28,2,static,auto,4,11.454618
A,1000000,28,2,static,auto,5,12.022207
A,1000000,28,2,dynamic,1,1,11.806879
A,1000000,28,2,dynamic,1,2,11.731359
A,1000000,28,2,dynamic,1,3,12.310817
A,1000000,28,2,dynamic,1,4,11.811407
A,1000000,28,2,dynamic,1,5,11.937376
A,1000000,28,2,dynamic,4,1,11.932418
A,1000000,28,2,dynamic,4,2,11.953740
A,1000000,28,2,dynamic,4,3,11.321282
A,1000000,28,2,dynamic,4,4,11.865964
A,1000000,28,2,dynamic,4,5,12.180958
A,1000000,28,2,dynamic,16,1,11.076500
A,1000000,28,2,dynamic,16,2,11.944721
A,1000000,28,2,dynamic,16,3,12.311909
A,1000000,28,2,dynamic,16,4,11.664559
A,1000000,28,2,dynamic,16,5,12.464028
A,1000000,28,2,dynamic,64,1,10.851266
A,1000000,28,2,dynamic,64,2,12.110543
A,1000000,28,2,dynamic,64,3,12.810514
A,1000000,28,2,dynamic,64,4,11.502368
A,1000000,28,2,dynamic,64,5,12.012532
A,1000000,28,2,guided,1,1,11.786763
A,1000000,28,2,guided,1,2,11.760607
A,1000000,28,2,guided,1,3,12.097823
A,1000000,28,2,guided,1,4,11.532068
A,1000000,28,2,guided,1,5,12.659359
A,1000000,28,2,guided,4,1,11.728394
A,1000000,28,2,guided,4,2,11.214524
A,1000000,28,2,guided,4,3,12.222032
A,1000000,28,2,guided,4,4,11.353086
A,1000000,28,2,guided,4,5,11.985279
A,1000000,28,2,guided,16,1,11.980082
A,1000000,28,2,guided,16,2,11.525812
A,1000000,28,2,guided,16,3,11.855365
A,1000000,28,2,guided,16,4,11.900237
A,1000000,28,2,guided,16,5,11.198978
A,1000000,28,2,guided,64,1,12.726351
A,1000000,28,2,guided,64,2,12.157758
A,1000000,28,2,guided,64,3,11.095162
A,1000000,28,2,guided,64,4,13.000957
A,1000000,28,2,guided,64,5,11.817951
A,1000000,28,4,static,auto,1,6.395958
A,1000000,28,4,static,auto,2,6.124116
A,1000000,28,4,static,auto,3,6.137397
A,1000000,28,4,static,auto,4,6.539731
A,1000000,28,4,static,auto,5,6.179813
A,1000000,28,4,dynamic,1,1,6.143558
A,1000000,28,4,dynamic,1,2,6.230696
A,1000000,28,4,dynamic,1,3,6.271601
A,1000000,28,4,dynamic,1,4,6.317783
A,1000000,28,4,dynamic,1,5,5.916407
A,1000000,28,4,dynamic,4,1,6.195203
A,1000000,28,4,dynamic,4,2,6.294657
A,1000000,28,4,dynamic,4,3,6.134295
A,1000000,28,4,dynamic,4,4,6.161516
A,1000000,28,4,dynamic,4,5,6.175180
A,1000000,28,4,dynamic,16,1,6.382163
A,1000000,28,4,dynamic,16,2,6.293750
A,1000000,28,4,dynamic,16,3,6.117045
A,1000000,28,4,dynamic,16,4,6.232864
A,1000000,28,4,dynamic,16,5,6.231177
A,1000000,28,4,dynamic,64,1,6.232234
A,1000000,28,4,dynamic,64,2,6.250518
A,1000000,28,4,dynamic,64,3,6.019980
A,1000000,28,4,dynamic,64,4,6.212108
A,1000000,28,4,dynamic,64,5,6.390670
A,1000000,28,4,guided,1,1,6.346879
A,1000000,28,4,guided,1,2,6.159497
A,1000000,28,4,guided,1,3,6.113485
A,1000000,28,4,guided,1,4,6.440645
A,1000000,28,4,guided,1,5,6.430510
A,1000000,28,4,guided,4,1,5.896203
A,1000000,28,4,guided,4,2,6.010851
A,1000000,28,4,guided,4,3,6.158935
A,1000000,28,4,guided,4,4,6.147330
A,1000000,28,4,guided,4,5,6.103608
A,1000000,28,4,guided,16,1,6.205718
A,1000000,28,4,guided,16,2,6.259469
A,1000000,28,4,guided,16,3,6.149885
A,1000000,28,4,guided,16,4,6.213366
A,1000000,28,4,guided,16,5,6.491951
A,1000000,28,4,guided,64,1,6.115536
A,1000000,28,4,guided,64,2,6.217083
A,1000000,28,4,guided,64,3,6.417721
A,1000000,28,4,guided,64,4,6.304915
A,1000000,28,4,guided,64,5,6.182028
A,1000000,28,8,static,auto,1,3.568723
A,1000000,28,8,static,auto,2,3.700546
A,1000000,28,8,static,auto,3,3.800264
A,1000000,28,8,static,auto,4,3.794132
A,1000000,28,8,static,auto,5,3.945367
A,1000000,28,8,dynamic,1,1,3.626620
A,1000000,28,8,dynamic,1,2,3.637554
A,1000000,28,8,dynamic,1,3,3.604839
A,1000000,28,8,dynamic,1,4,3.686233
A,1000000,28,8,dynamic,1,5,3.713461
A,1000000,28,8,dynamic,4,1,3.588796
A,1000000,28,8,dynamic,4,2,3.657140
A,1000000,28,8,dynamic,4,3,3.643557
A,1000000,28,8,dynamic,4,4,3.674901
A,1000000,28,8,dynamic,4,5,3.609410
A,1000000,28,8,dynamic,16,1,3.641214
A,1000000,28,8,dynamic,16,2,3.640566
A,1000000,28,8,dynamic,16,3,3.623675
A,1000000,28,8,dynamic,16,4,3.638149
A,1000000,28,8,dynamic,16,5,3.639179
A,1000000,28,8,dynamic,64,1,3.583538
A,1000000,28,8,dynamic,64,2,3.672361
A,1000000,28,8,dynamic,64,3,3.690504
A,1000000,28,8,dynamic,64,4,3.529061
A,1000000,28,8,dynamic,64,5,3.611083
A,1000000,28,8,guided,1,1,3.585331
A,1000000,28,8,guided,1,2,3.646901
A,1000000,28,8,guided,1,3,3.619125
A,1000000,28,8,guided,1,4,3.704638
A,1000000,28,8,guided,1,5,3.612233
A,1000000,28,8,guided,4,1,3.674458
A,1000000,28,8,guided,4,2,3.612620
A,1000000,28,8,guided,4,3,3.708832
A,1000000,28,8,guided,4,4,3.589889
A,1000000,28,8,guided,4,5,3.664546
A,1000000,28,8,guided,16,1,3.696234
A,1000000,28,8,guided,16,2,3.622394
A,1000000,28,8,guided,16,3,3.749548
A,1000000,28,8,guided,16,4,3.725184
A,1000000,28,8,guided,16,5,3.568104
A,1000000,28,8,guided,64,1,3.715136
A,1000000,28,8,guided,64,2,3.549743
A,1000000,28,8,guided,64,3,3.653567
A,1000000,28,8,guided,64,4,3.670737
A,1000000,28,8,guided,64,5,3.717446
A,1000000,28,16,static,auto,1,2.993330
A,1000000,28,16,static,auto,2,2.961964
A,1000000,28,16,static,auto,3,2.991792
A,1000000,28,16,static,auto,4,2.991800
A,1000000,28,16,static,auto,5,2.973858
A,1000000,28,16,dynamic,1,1,2.950027
A,1000000,28,16,dynamic,1,2,2.957735
A,1000000,28,16,dynamic,1,3,2.955317
A,1000000,28,16,dynamic,1,4,2.954807
A,1000000,28,16,dynamic,1,5,2.938983
A,1000000,28,16,dynamic,4,1,2.964456
A,1000000,28,16,dynamic,4,2,2.967241
A,1000000,28,16,dynamic,4,3,2.957814
A,1000000,28,16,dynamic,4,4,2.960515
A,1000000,28,16,dynamic,4,5,2.965589
A,1000000,28,16,dynamic,16,1,2.963537
A,1000000,28,16,dynamic,16,2,2.949277
A,1000000,28,16,dynamic,16,3,2.961100
A,1000000,28,16,dynamic,16,4,2.946234
A,1000000,28,16,dynamic,16,5,2.952525
A,1000000,28,16,dynamic,64,1,2.946835
A,1000000,28,16,dynamic,64,2,2.954766
A,1000000,28,16,dynamic,64,3,2.968176
A,1000000,28,16,dynamic,64,4,2.951740
A,1000000,28,16,dynamic,64,5,2.973176
A,1000000,28,16,guided,1,1,2.978375
A,1000000,28,16,guided,1,2,2.964394
A,1000000,28,16,guided,1,3,2.961849
A,1000000,28,16,guided,1,4,2.976256
A,1000000,28,16,guided,1,5,2.958760
A,1000000,28,16,guided,4,1,2.952249
A,1000000,28,16,guided,4,2,2.935909
A,1000000,28,16,guided,4,3,2.990553
A,1000000,28,16,guided,4,4,2.952402
A,1000000,28,16,guided,4,5,2.957238
A,1000000,28,16,guided,16,1,2.959784
A,1000000,28,16,guided,16,2,2.956331
A,1000000,28,16,guided,16,3,2.972116
A,1000000,28,16,guided,16,4,2.948395
A,1000000,28,16,guided,16,5,2.950587
A,1000000,28,16,guided,64,1,2.957834
A,1000000,28,16,guided,64,2,2.961517
A,1000000,28,16,guided,64,3,2.943728
A,1000000,28,16,guided,64,4,2.958063
A,1000000,28,16,guided,64,5,2.956002
D_naive,500000,20,1,static,auto,1,0.309721
D_naive,500000,20,1,static,auto,2,0.309790
D_naive,500000,20,1,static,auto,3,0.308775
D_naive,500000,20,1,static,auto,4,0.308881
D_naive,500000,20,1,static,auto,5,0.309684
D_opt,500000,20,1,static,auto,1,0.316524
D_opt,500000,20,1,static,auto,2,0.316266
D_opt,500000,20,1,static,auto,3,0.314272
D_opt,500000,20,1,static,auto,4,0.312442
D_opt,500000,20,1,static,auto,5,0.313785
D_naive,500000,20,2,static,auto,1,0.155096
D_naive,500000,20,2,static,auto,2,0.155032
D_naive,500000,20,2,static,auto,3,0.156076
D_naive,500000,20,2,static,auto,4,0.157249
D_naive,500000,20,2,static,auto,5,0.158635
D_opt,500000,20,2,static,auto,1,0.157188
D_opt,500000,20,2,static,auto,2,0.157011
D_opt,500000,20,2,static,auto,3,0.157367
D_opt,500000,20,2,static,auto,4,0.156446
D_opt,500000,20,2,static,auto,5,0.157381
D_naive,500000,20,4,static,auto,1,0.115838
D_naive,500000,20,4,static,auto,2,0.092719
D_naive,500000,20,4,static,auto,3,0.099184
D_naive,500000,20,4,static,auto,4,0.079273
D_naive,500000,20,4,static,auto,5,0.081451
D_opt,500000,20,4,static,auto,1,0.116389
D_opt,500000,20,4,static,auto,2,0.083015
D_opt,500000,20,4,static,auto,3,0.082035
D_opt,500000,20,4,static,auto,4,0.079664
D_opt,500000,20,4,static,auto,5,0.133631
D_naive,500000,20,8,static,auto,1,0.061801
D_naive,500000,20,8,static,auto,2,0.061088
D_naive,500000,20,8,static,auto,3,0.059854
D_naive,500000,20,8,static,auto,4,0.058435
D_naive,500000,20,8,static,auto,5,0.060057
D_opt,500000,20,8,static,auto,1,0.073378
D_opt,500000,20,8,static,auto,2,0.051176
D_opt,500000,20,8,static,auto,3,0.063621
D_opt,500000,20,8,static,auto,4,0.069800
D_opt,500000,20,8,static,auto,5,0.062477
D_naive,500000,20,16,static,auto,1,0.056983
D_naive,500000,20,16,static,auto,2,0.056294
D_naive,500000,20,16,static,auto,3,0.055847
D_naive,500000,20,16,static,auto,4,0.054463
D_naive,500000,20,16,static,auto,5,0.049464
D_opt,500000,20,16,static,auto,1,0.045064
D_opt,500000,20,16,static,auto,2,0.041828
D_opt,500000,20,16,static,auto,3,0.061058
D_opt,500000,20,16,static,auto,4,0.060994
D_opt,500000,20,16,static,auto,5,0.056501
